-- phpMyAdmin SQL Dump
-- version 5.2.1
-- https://www.phpmyadmin.net/
--
-- Host: mysql-db:3306
-- Generation Time: Mar 25, 2024 at 01:32 PM
-- Server version: 8.3.0
-- PHP Version: 8.2.17

SET SQL_MODE = "NO_AUTO_VALUE_ON_ZERO";
START TRANSACTION;
SET time_zone = "+00:00";


/*!40101 SET @OLD_CHARACTER_SET_CLIENT=@@CHARACTER_SET_CLIENT */;
/*!40101 SET @OLD_CHARACTER_SET_RESULTS=@@CHARACTER_SET_RESULTS */;
/*!40101 SET @OLD_COLLATION_CONNECTION=@@COLLATION_CONNECTION */;
/*!40101 SET NAMES utf8mb4 */;

--
-- Database: `ct07_db`
--

DELIMITER $$
--
-- Procedures
--
CREATE DEFINER=`ad_db_ct07`@`%` PROCEDURE `GenerateRandomRatings` ()   BEGIN
    DECLARE i INT DEFAULT 1;
    DECLARE rand_user_id INT;
    DECLARE rand_recipe_id INT;
    DECLARE rand_rating INT;
    
    WHILE i <= 100 DO
        -- Chọn ngẫu nhiên user_id từ 1 đến 4
        SET rand_user_id = FLOOR(RAND() * 4) + 1;
        
        -- Chọn ngẫu nhiên recipe_id từ 1 đến 32
        SET rand_recipe_id = FLOOR(RAND() * 32) + 1;
        
        -- Chọn ngẫu nhiên rating từ 1 đến 5
        SET rand_rating = FLOOR(RAND() * 5) + 1;
        
        -- Chèn dữ liệu vào bảng recipe_ratings
        INSERT INTO recipe_ratings (recipe_id, user_id, rating)
        VALUES (rand_recipe_id, rand_user_id, rand_rating);
        
        SET i = i + 1;
    END WHILE;
END$$

DELIMITER ;

-- --------------------------------------------------------

--
-- Table structure for table `ingredients`
--

CREATE TABLE `ingredients` (
  `id` int NOT NULL,
  `name` varchar(255) CHARACTER SET utf8mb4 COLLATE utf8mb4_unicode_ci NOT NULL,
  `isActive` tinyint(1) DEFAULT '1',
  `category` varchar(4) CHARACTER SET utf8mb4 COLLATE utf8mb4_general_ci NOT NULL,
  `measurement_unit` varchar(4) CHARACTER SET utf8mb4 COLLATE utf8mb4_general_ci DEFAULT NULL
) ENGINE=InnoDB DEFAULT CHARSET=utf8mb4 COLLATE=utf8mb4_general_ci;

--
-- Dumping data for table `ingredients`
--

INSERT INTO `ingredients` (`id`, `name`, `isActive`, `category`, `measurement_unit`) VALUES
(1, 'Chicken Breast', 0, 'FRU', 'CUP'),
(2, 'Mixed Vegetables', 1, 'VEGI', 'G'),
(3, 'Soy Sauce', 0, 'OTHR', 'TBSP'),
(4, 'Cornstarch', 1, 'OTHR', 'TBSP'),
(5, 'Shrimp', 1, 'MSF', 'G'),
(6, 'Cucumber', 0, 'VEGI', 'UNIT'),
(7, 'Lime Juice', 1, 'OTHR', 'TBSP'),
(8, 'Chili Pepper', 1, 'HRBS', 'UNIT'),
(9, 'Black Beans', 0, 'PRP', 'CAN'),
(10, 'Corn', 1, 'VEGI', 'CUP'),
(11, 'Tomato', 1, 'VEGI', 'UNIT'),
(12, 'Cilantro', 1, 'HRBS', 'CUP'),
(13, 'Onion', 1, 'VEGI', 'UNIT'),
(14, 'Lime Juice', 1, 'OTHR', 'TBSP'),
(15, 'Olive Oil', 1, 'OTHR', 'TBSP'),
(16, 'Eggplant', 1, 'VEGI', 'UNIT'),
(17, 'Tahini', 1, 'OTHR', 'TBSP'),
(18, 'Garlic', 1, 'HRBS', 'UNIT'),
(19, 'Lemon Juice', 1, 'OTHR', 'TBSP'),
(20, 'Olive Oil', 1, 'OTHR', 'TBSP'),
(26, 'Pickle', 1, 'OTHR', 'UNIT'),
(27, 'Flour', 1, 'OTHR', 'CUP'),
(28, 'Breadcrumbs', 1, 'OTHR', 'CUP'),
(29, 'Egg', 1, 'OTHR', 'UNIT'),
(30, 'Cajun Seasoning', 1, 'OTHR', 'TBSP'),
(31, 'Black Beans (cooked)', 1, 'OTHR', 'CUP'),
(32, 'Corn', 1, 'OTHR', 'CUP'),
(33, 'Tomato (diced)', 1, 'VEGI', 'UNIT'),
(34, 'Red Onion (diced)', 1, 'VEGI', 'UNIT'),
(35, 'Cilantro (chopped)', 1, 'HRBS', 'CUP'),
(36, 'Avocado (diced)', 1, 'VEGI', 'UNIT'),
(37, 'Olive Oil', 1, 'OTHR', 'TBSP'),
(38, 'Lime (juiced)', 1, 'OTHR', 'UNIT'),
(39, 'Garlic (minced)', 1, 'OTHR', 'TSP'),
(40, 'Cumin', 1, 'OTHR', 'TSP'),
(41, 'Salt', 1, 'OTHR', 'TSP'),
(42, 'Pepper', 1, 'OTHR', 'TSP'),
(43, 'Salmon (canned, drained)', 1, 'MSF', 'CAN'),
(44, 'Egg (beaten)', 1, 'OTHR', 'UNIT'),
(45, 'Breadcrumbs', 1, 'OTHR', 'CUP'),
(46, 'Onion (diced)', 1, 'VEGI', 'UNIT'),
(47, 'Parsley (chopped)', 1, 'HRBS', 'CUP'),
(48, 'Lemon Juice', 1, 'OTHR', 'TBSP'),
(49, 'Dijon Mustard', 1, 'OTHR', 'TBSP'),
(50, 'Salt', 1, 'OTHR', 'TSP'),
(51, 'Pepper', 1, 'OTHR', 'TSP'),
(52, 'Oil (for frying)', 1, 'OTHR', 'CUP'),
(60, 'Egg (hard-cooked and chopped)', 1, 'OTHR', 'UNIT'),
(61, 'Mayonnaise', 1, 'OTHR', 'CUP'),
(62, 'Mustard', 1, 'OTHR', 'TSP'),
(63, 'Celery (diced)', 1, 'VEGI', 'UNIT'),
(64, 'Chives (chopped)', 1, 'HRBS', 'TBSP'),
(65, 'Salt', 1, 'OTHR', 'TSP'),
(66, 'Pepper', 1, 'OTHR', 'TSP'),
(72, 'Potatoes (mashed)', 1, 'VEGI', 'UNIT'),
(73, 'Ground Beef', 1, 'MSF', 'LB'),
(74, 'Onion (chopped)', 1, 'VEGI', 'UNIT'),
(75, 'Garlic (minced)', 1, 'HRBS', 'TBSP'),
(76, 'Spices (e.g., paprika, cumin)', 1, 'OTHR', 'TSP'),
(77, 'Phyllo Pastry Sheets', 1, 'OTHR', 'UNIT'),
(78, 'Butter (melted)', 1, 'OTHR', 'TBSP'),
(79, 'Cheese (mozzarella)', 1, 'MSF', 'OZ'),
(80, 'Breadcrumbs', 1, 'OTHR', 'CUP'),
(81, 'Parmesan Cheese (grated)', 1, 'OTHR', 'CUP'),
(82, 'Egg', 1, 'OTHR', 'UNIT'),
(83, 'Italian Seasoning', 1, 'OTHR', 'TSP'),
(84, 'Jalapenos', 1, 'VEGI', 'UNIT'),
(85, 'Cream Cheese', 1, 'OTHR', 'OZ'),
(86, 'Bacon', 1, 'OTHR', 'UNIT'),
(87, 'Ground Turkey', 1, 'MSF', 'LB'),
(88, 'Onion (diced)', 1, 'OTHR', 'UNIT'),
(89, 'Garlic (minced)', 1, 'HRBS', 'TBSP'),
(90, 'Olive Oil', 1, 'OTHR', 'TBSP'),
(91, 'Chili Powder', 1, 'OTHR', 'OZ'),
(92, 'Cumin', 1, 'OTHR', 'TBSP'),
(93, 'Paprika', 1, 'OTHR', 'TBSP'),
(94, 'Diced Tomatoes', 1, 'OTHR', 'CAN'),
(95, 'Tomato Sauce', 1, 'OTHR', 'CAN'),
(96, 'Kidney Beans', 1, 'OTHR', 'CAN'),
(97, 'Minced Chicken', 1, 'MSF', 'LB'),
(98, 'Onion (diced)', 1, 'OTHR', 'CUP'),
(99, 'Carrots (diced)', 1, 'HRBS', 'CUP'),
(100, 'Water Chestnuts (sliced)', 1, 'VEGI', 'CUP'),
(101, 'Soy Sauce', 1, 'OTHR', 'TBSP'),
(102, 'Hoisin Sauce', 1, 'OTHR', 'TBSP'),
(103, 'Sesame Oil', 1, 'OTHR', 'TBSP'),
(104, 'Green Onions (chopped)', 1, 'HRBS', 'TBSP'),
(105, 'Couscous', 1, 'OTHR', 'CUP'),
(106, 'Dried Cranberries', 1, 'FRU', 'CUP'),
(107, 'Orange (segments)', 1, 'FRU', 'UNIT'),
(108, 'Parsley (chopped)', 1, 'HRBS', 'CUP'),
(109, 'Olive Oil', 1, 'OTHR', 'TBSP'),
(110, 'Orange Juice', 1, 'FRU', 'TBSP'),
(111, 'Lemon Juice', 1, 'FRU', 'TBSP'),
(112, 'Honey', 1, 'OTHR', 'TBSP'),
(113, 'Salt', 1, 'OTHR', 'TSP'),
(114, 'Pepper', 1, 'OTHR', 'TSP'),
(118, 'Ground Turkey', 1, 'MSF', 'LB'),
(119, 'Breadcrumbs', 1, 'OTHR', 'CUP'),
(120, 'Onion (chopped)', 1, 'VEGI', 'UNIT'),
(121, 'Garlic (minced)', 1, 'HRBS', 'TBSP'),
(122, 'Ketchup', 1, 'OTHR', 'TBSP'),
(123, 'Worcestershire Sauce', 1, 'OTHR', 'TBSP'),
(124, 'Egg', 1, 'OTHR', 'UNIT'),
(125, 'Salt', 1, 'OTHR', 'TSP'),
(126, 'Pepper', 1, 'OTHR', 'TSP'),
(131, 'Cooked Chicken Breast', 1, 'MSF', 'LB'),
(132, 'Celery (diced)', 1, 'VEGI', 'CUP'),
(133, 'Red Onion (diced)', 1, 'VEGI', 'UNIT'),
(134, 'Fresh Parsley (chopped)', 1, 'HRBS', 'CUP'),
(135, 'Grapes (halved)', 1, 'FRU', 'CUP'),
(136, 'Mayonnaise', 1, 'OTHR', 'CUP'),
(137, 'Greek Yogurt', 1, 'OTHR', 'CUP'),
(138, 'Lemon Juice', 1, 'OTHR', 'TBSP'),
(139, 'Dijon Mustard', 1, 'OTHR', 'TBSP'),
(140, 'Salt', 1, 'OTHR', 'TSP'),
(141, 'Pepper', 1, 'OTHR', 'TSP'),
(146, 'Cooked Lentils', 1, 'PRP', 'CUP'),
(147, 'Garbanzo Beans (drained and rinsed)', 1, 'PRP', 'CAN'),
(148, 'Cucumber (diced)', 1, 'VEGI', 'CUP'),
(149, 'Red Bell Pepper (diced)', 1, 'VEGI', 'CUP'),
(150, 'Fresh Cilantro (chopped)', 1, 'HRBS', 'CUP'),
(151, 'Green Onion (sliced)', 1, 'VEGI', 'UNIT'),
(152, 'Olive Oil', 1, 'OTHR', 'CUP'),
(153, 'Lemon Juice', 1, 'OTHR', 'CUP'),
(154, 'Dijon Mustard', 1, 'OTHR', 'TBSP'),
(155, 'Minced Garlic', 1, 'OTHR', 'TBSP'),
(156, 'Salt', 1, 'OTHR', 'TSP'),
(157, 'Pepper', 1, 'OTHR', 'TSP'),
(158, 'Shrimp (peeled and deveined)', 1, 'MSF', 'LB'),
(159, 'Bell Pepper (sliced)', 1, 'VEGI', 'UNIT'),
(160, 'Onion (sliced)', 1, 'VEGI', 'UNIT'),
(161, 'Garlic (minced)', 1, 'HRBS', 'TBSP'),
(162, 'Olive Oil', 1, 'OTHR', 'TBSP'),
(163, 'Cajun Seasoning', 1, 'OTHR', 'OZ'),
(164, 'Diced Tomatoes', 1, 'OTHR', 'CAN'),
(165, 'Tomato Sauce', 1, 'OTHR', 'CAN'),
(166, 'Pasta', 1, 'OTHR', 'CUP'),
(167, 'Parsley (chopped)', 1, 'HRBS', 'TBSP'),
(168, 'Chicken Breast (diced)', 1, 'MSF', 'LB'),
(169, 'Asparagus Spears', 1, 'VEGI', 'LB'),
(170, 'Ziti Pasta', 1, 'OTHR', 'LB'),
(171, 'Alfredo Sauce', 1, 'OTHR', 'CUP'),
(172, 'Olive Oil', 1, 'OTHR', 'CUP'),
(173, 'Parmesan Cheese (grated)', 1, 'OTHR', 'TBSP'),
(174, 'Marinara Sauce', 1, 'OTHR', 'CUP'),
(175, 'Milk', 1, 'OTHR', 'CUP'),
(176, 'Cheddar Cheese (shredded)', 1, 'OTHR', 'CUP'),
(177, 'Red Bell Pepper (diced)', 1, 'VEGI', 'CUP'),
(178, 'Red Onion (sliced)', 1, 'VEGI', 'CUP'),
(179, 'Olive Oil', 1, 'OTHR', 'CUP'),
(180, 'Red Wine Vinegar', 1, 'OTHR', 'CUP'),
(181, 'Dijon Mustard', 1, 'OTHR', 'TBSP'),
(182, 'Honey', 1, 'OTHR', 'TBSP'),
(183, 'Fresh Parsley (chopped)', 1, 'OTHR', 'TBSP'),
(184, 'Bell Peppers (large)', 1, 'VEGI', 'UNIT'),
(185, 'Quinoa (cooked)', 1, 'OTHR', 'CUP'),
(186, 'Black Beans (cooked)', 1, 'VEGI', 'CUP'),
(187, 'Corn Kernels (cooked)', 1, 'VEGI', 'CUP'),
(188, 'Cilantro (chopped)', 1, 'HRBS', 'TBSP'),
(197, 'Olive Oil', 1, 'OTHR', 'TBSP'),
(198, 'Diced Onions', 1, 'VEGI', 'CUP'),
(199, 'Diced Bell Peppers', 1, 'VEGI', 'CUP'),
(200, 'Minced Garlic', 1, 'VEGI', 'TBSP'),
(201, 'Black Beans (drained and rinsed)', 1, 'OTHR', 'CAN'),
(202, 'Corn', 1, 'VEGI', 'CUP'),
(203, 'Diced Tomatoes', 1, 'VEGI', 'CUP'),
(204, 'Taco Seasoning', 1, 'OTHR', 'TBSP'),
(205, 'Tortillas', 1, 'OTHR', 'UNIT'),
(206, 'Shredded Lettuce', 1, 'VEGI', 'CUP'),
(207, 'Apples', 1, 'FRU', 'UNIT'),
(208, 'Celery', 1, 'VEGI', 'CUP'),
(209, 'Walnuts', 1, 'OTHR', 'CUP'),
(210, 'Raisins', 1, 'OTHR', 'CUP'),
(211, 'Greek Yogurt', 1, 'MSF', 'CUP'),
(212, 'Honey', 1, 'OTHR', 'TBSP'),
(213, 'Lemon Juice', 1, 'FRU', 'TBSP'),
(214, 'Olive Oil', 1, 'OTHR', 'TBSP'),
(215, 'Diced Onions', 1, 'VEGI', 'CUP'),
(216, 'Diced Carrots', 1, 'VEGI', 'CUP'),
(217, 'Diced Celery', 1, 'VEGI', 'CUP'),
(218, 'Minced Garlic', 1, 'OTHR', 'TBSP'),
(219, 'Dried Lentils', 1, 'OTHR', 'CUP'),
(220, 'Crushed Tomatoes', 1, 'OTHR', 'CAN'),
(221, 'Vegetable Broth', 1, 'OTHR', 'CUP'),
(222, 'Italian Seasoning', 1, 'HRBS', 'TSP'),
(223, 'Pasta', 1, 'OTHR', 'UNIT'),
(224, 'Fresh Parsley', 1, 'HRBS', 'TBSP'),
(225, 'Grated Parmesan Cheese', 1, 'OTHR', 'TBSP'),
(226, 'Olive Oil', 1, 'OTHR', 'TBSP'),
(227, 'Diced Onions', 1, 'VEGI', 'CUP'),
(228, 'Diced Bell Peppers', 1, 'VEGI', 'CUP'),
(229, 'Minced Garlic', 1, 'OTHR', 'TBSP'),
(230, 'Ground Beef', 1, 'MSF', 'LB'),
(231, 'Diced Tomatoes', 1, 'OTHR', 'CAN'),
(232, 'Tomato Sauce', 1, 'OTHR', 'CAN'),
(233, 'Sliced Olives', 1, 'OTHR', 'CUP'),
(234, 'Raisins', 1, 'OTHR', 'CUP'),
(235, 'Cumin', 1, 'HRBS', 'TSP'),
(236, 'Paprika', 1, 'HRBS', 'TSP'),
(237, 'Dried Oregano', 1, 'HRBS', 'TSP'),
(238, 'Ground Cinnamon', 1, 'HRBS', 'TSP'),
(239, 'Ground Cloves', 1, 'HRBS', 'TSP'),
(240, 'Salt', 1, 'HRBS', 'TSP'),
(241, 'Black Pepper', 1, 'HRBS', 'TSP'),
(242, 'Rice', 1, 'OTHR', 'UNIT'),
(243, 'Fresh Parsley', 1, 'HRBS', 'TBSP'),
(244, 'Lentils', 1, 'OTHR', 'CUP'),
(245, 'Diced Tomatoes', 1, 'VEGI', 'CUP'),
(246, 'Diced Cucumbers', 1, 'VEGI', 'CUP'),
(247, 'Chopped Red Onion', 1, 'VEGI', 'CUP'),
(248, 'Crumbled Feta Cheese', 1, 'VEGI', 'CUP'),
(249, 'Chopped Parsley', 1, 'HRBS', 'CUP'),
(250, 'Olive Oil', 1, 'OTHR', 'CUP'),
(251, 'Lemon Juice', 1, 'OTHR', 'CUP'),
(252, 'Red Wine Vinegar', 1, 'OTHR', 'CUP'),
(253, 'Minced Garlic', 1, 'OTHR', 'TBSP'),
(254, 'Dried Oregano', 1, 'HRBS', 'TSP'),
(255, 'Salt', 1, 'HRBS', 'TSP'),
(256, 'Black Pepper', 1, 'HRBS', 'TSP'),
(257, 'Cheese Tortellini', 1, 'OTHR', 'LB'),
(258, 'Cherry Tomatoes (halved)', 1, 'VEGI', 'CUP'),
(259, 'Baby Spinach Leaves', 1, 'VEGI', 'CUP'),
(260, 'Sliced Red Onions', 1, 'VEGI', 'CUP'),
(261, 'Olive Oil', 1, 'OTHR', 'CUP'),
(262, 'Lemon Juice', 1, 'OTHR', 'CUP'),
(263, 'Minced Garlic', 1, 'HRBS', 'TBSP'),
(264, 'Salt', 1, 'OTHR', 'TSP'),
(265, 'Black Pepper', 1, 'OTHR', 'TSP'),
(266, 'Turkey Cutlets', 1, 'MSF', 'UNIT'),
(267, 'Sliced Zucchini', 1, 'VEGI', 'CUP'),
(268, 'Olive Oil', 1, 'OTHR', 'TBSP'),
(269, 'Salt', 1, 'OTHR', 'TSP'),
(270, 'Black Pepper', 1, 'OTHR', 'TSP'),
(271, 'Italian Seasoning', 1, 'HRBS', 'TSP'),
(272, 'Pasta (rotini or penne)', 1, 'VEGI', 'CUP'),
(273, 'Tomatoes (diced)', 1, 'VEGI', 'CUP'),
(274, 'Cucumbers (sliced)', 1, 'VEGI', 'CUP'),
(275, 'Bell Peppers (chopped)', 1, 'VEGI', 'CUP'),
(276, 'Black Olives', 1, 'VEGI', 'CUP'),
(277, 'Olive Oil', 1, 'OTHR', 'TBSP'),
(278, 'Red Wine Vinegar', 1, 'OTHR', 'TBSP'),
(279, 'Dijon Mustard', 1, 'OTHR', 'TSP'),
(281, 'Salt', 1, 'OTHR', 'TSP'),
(282, 'Black Pepper', 1, 'OTHR', 'TSP'),
(283, 'Parsley (chopped)', 1, 'VEGI', 'TBSP'),
(284, 'Canned Tuna', 1, 'MSF', 'CAN'),
(285, 'Mayonnaise', 1, 'OTHR', 'CUP'),
(286, 'Celery (chopped)', 1, 'VEGI', 'CUP'),
(287, 'Onion (diced)', 1, 'VEGI', 'CUP'),
(288, 'Shredded Carrots', 1, 'VEGI', 'CUP'),
(289, 'Tortilla', 1, 'OTHR', 'UNIT'),
(290, 'Mayonnaise', 1, 'OTHR', 'CUP'),
(291, 'Sweet Chili Sauce', 1, 'OTHR', 'TBSP'),
(292, 'Sriracha', 1, 'OTHR', 'TSP'),
(293, 'Shrimp (peeled and deveined)', 1, 'MSF', 'LB'),
(294, 'Vegetable Oil', 1, 'OTHR', 'TBSP'),
(295, 'Mixed Greens', 1, 'VEGI', 'CUP'),
(296, 'Cucumbers (sliced)', 1, 'VEGI', 'CUP'),
(297, 'Shredded Carrots', 1, 'VEGI', 'CUP'),
(298, 'Green Onions (chopped)', 1, 'VEGI', 'CUP'),
(299, 'Ground Turkey', 1, 'MSF', 'LB'),
(300, 'Olive Oil', 1, 'OTHR', 'TBSP'),
(301, 'Garlic (minced)', 1, 'OTHR', 'UNIT'),
(302, 'Salt', 1, 'OTHR', 'TSP'),
(303, 'Black Pepper', 1, 'OTHR', 'TSP'),
(304, 'Italian Seasoning', 1, 'HRBS', 'TSP'),
(305, 'Marinara Sauce', 1, 'OTHR', 'CUP'),
(306, 'Penne Pasta', 1, 'MSF', 'LB'),
(307, 'Beef (sliced)', 1, 'MSF', 'LB'),
(308, 'Green Beans (trimmed and sliced)', 1, 'VEGI', 'LB'),
(309, 'Onion (sliced)', 1, 'OTHR', 'UNIT'),
(310, 'Soy Sauce', 1, 'OTHR', 'TBSP'),
(311, 'Sesame Oil', 1, 'OTHR', 'TBSP'),
(312, 'Cornstarch', 1, 'OTHR', 'TBSP'),
(313, 'Salt', 1, 'OTHR', 'TSP'),
(314, 'Black Pepper', 1, 'OTHR', 'TSP'),
(315, 'Chicken Breasts', 1, 'MSF', 'LB'),
(316, 'Bell Peppers (sliced)', 1, 'VEGI', 'UNIT'),
(317, 'Onion (sliced)', 1, 'VEGI', 'UNIT'),
(318, 'Olive Oil', 1, 'OTHR', 'TBSP'),
(319, 'Chili Powder', 1, 'OTHR', 'TSP'),
(320, 'Cumin', 1, 'OTHR', 'TSP'),
(321, 'Garlic Powder', 1, 'OTHR', 'TSP'),
(322, 'Salt', 1, 'OTHR', 'TSP'),
(323, 'Black Pepper', 1, 'OTHR', 'TSP'),
(324, 'Tortillas', 1, 'MSF', 'UNIT'),
(375, 'ac', 1, 'FAO', 'OZ'),
(376, 'abv', 1, 'FAO', 'OZ');

-- --------------------------------------------------------

--
-- Table structure for table `ingredient_categories`
--

CREATE TABLE `ingredient_categories` (
  `id` varchar(4) CHARACTER SET utf8mb4 COLLATE utf8mb4_general_ci NOT NULL,
  `detail` varchar(50) CHARACTER SET utf8mb4 COLLATE utf8mb4_general_ci NOT NULL
) ENGINE=InnoDB DEFAULT CHARSET=utf8mb4 COLLATE=utf8mb4_general_ci;

--
-- Dumping data for table `ingredient_categories`
--

INSERT INTO `ingredient_categories` (`id`, `detail`) VALUES
('EMMP', 'Eggs, milk and milk products'),
('FAO', 'Fats and oils'),
('FRU', 'Fruits'),
('GNBK', 'Grain, nuts and baking products'),
('HRBS', 'Herbs and spices'),
('MSF', 'Meat, sausages and fish'),
('OTHR', 'Others'),
('PRP', 'Pasta, rice and pulses'),
('VEGI', 'Vegetables');

-- --------------------------------------------------------

--
-- Table structure for table `ingredient_measurement_unit`
--

CREATE TABLE `ingredient_measurement_unit` (
  `id` varchar(4) CHARACTER SET utf8mb4 COLLATE utf8mb4_general_ci NOT NULL,
  `detail` varchar(50) CHARACTER SET utf8mb4 COLLATE utf8mb4_general_ci NOT NULL
) ENGINE=InnoDB DEFAULT CHARSET=utf8mb4 COLLATE=utf8mb4_0900_ai_ci;

--
-- Dumping data for table `ingredient_measurement_unit`
--

INSERT INTO `ingredient_measurement_unit` (`id`, `detail`) VALUES
('CAN', 'cans'),
('CUP', 'cups'),
('G', 'grams'),
('LB', 'pounds'),
('OZ', 'ounces'),
('TBSP', 'tablespoons'),
('TSP', 'teaspoons'),
('UNIT', 'units');

-- --------------------------------------------------------

--
-- Table structure for table `ingredient_nutritions`
--

CREATE TABLE `ingredient_nutritions` (
  `ingredient_id` int NOT NULL,
  `nutrition_id` varchar(6) NOT NULL,
  `quantity` int NOT NULL
) ENGINE=InnoDB DEFAULT CHARSET=utf8mb4 COLLATE=utf8mb4_0900_ai_ci;

--
-- Dumping data for table `ingredient_nutritions`
--

INSERT INTO `ingredient_nutritions` (`ingredient_id`, `nutrition_id`, `quantity`) VALUES
(1, 'CAL', 165),
(1, 'CALC', 20),
(1, 'CARB', 20),
(1, 'CHOL', 75),
(1, 'FAT', 4),
(1, 'FE', 33),
(1, 'MUFAT', 1),
(1, 'NA', 75),
(1, 'POT', 250),
(1, 'PRO', 31),
(1, 'SATFAT', 1),
(2, 'CAL', 50),
(2, 'CALC', 20),
(2, 'CARB', 10),
(2, 'FE', 1),
(2, 'FIB', 2),
(2, 'NA', 50),
(2, 'POT', 200),
(2, 'PRO', 5),
(2, 'SUG', 3),
(2, 'VITA', 20),
(2, 'VITC', 10),
(3, 'CAL', 10),
(3, 'CALC', 2),
(3, 'CARB', 1),
(3, 'NA', 200),
(3, 'POT', 50),
(3, 'PRO', 1),
(3, 'SUG', 2),
(4, 'CAL', 30),
(4, 'CALC', 0),
(4, 'CARB', 7),
(4, 'POT', 10),
(5, 'CAL', 120),
(5, 'CALC', 50),
(5, 'CARB', 0),
(5, 'CHOL', 150),
(5, 'FAT', 2),
(5, 'FE', 2),
(5, 'NA', 200),
(5, 'POT', 180),
(5, 'PRO', 20),
(6, 'CAL', 15),
(6, 'CALC', 20),
(6, 'CARB', 3),
(6, 'FIB', 1),
(6, 'NA', 5),
(6, 'POT', 120),
(6, 'PRO', 1),
(6, 'SUG', 1),
(6, 'VITA', 10),
(6, 'VITC', 15),
(7, 'CAL', 10),
(7, 'CALC', 2),
(7, 'CARB', 2),
(7, 'POT', 50),
(7, 'SUG', 2),
(7, 'VITC', 30),
(8, 'CAL', 5),
(8, 'CALC', 0),
(8, 'CARB', 1),
(8, 'POT', 30),
(8, 'SUG', 1),
(8, 'VITA', 5),
(8, 'VITC', 10),
(9, 'CAL', 100),
(9, 'CALC', 80),
(9, 'CARB', 20),
(9, 'FE', 2),
(9, 'FIB', 5),
(9, 'NA', 200),
(9, 'POT', 500),
(9, 'PRO', 7),
(9, 'SUG', 1),
(9, 'VITA', 10),
(10, 'CAL', 120),
(10, 'CALC', 1),
(10, 'CARB', 26),
(10, 'FE', 1),
(10, 'FIB', 3),
(10, 'NA', 5),
(10, 'POT', 250),
(10, 'PRO', 4),
(10, 'SUG', 10),
(10, 'VITC', 8),
(11, 'CAL', 20),
(11, 'CALC', 8),
(11, 'CARB', 4),
(11, 'FIB', 1),
(11, 'NA', 10),
(11, 'POT', 100),
(11, 'PRO', 1),
(11, 'SUG', 2),
(11, 'VITA', 15),
(11, 'VITC', 20),
(12, 'CAL', 5),
(12, 'CALC', 16),
(12, 'CARB', 0),
(12, 'POT', 50),
(12, 'PRO', 1),
(12, 'VITA', 10),
(12, 'VITC', 15),
(13, 'CAL', 20),
(13, 'CALC', 4),
(13, 'CARB', 5),
(13, 'FIB', 1),
(13, 'NA', 5),
(13, 'POT', 100),
(13, 'PRO', 1),
(13, 'SUG', 2),
(13, 'VITA', 5),
(13, 'VITC', 10),
(14, 'CAL', 10),
(14, 'CALC', 2),
(14, 'CARB', 2),
(14, 'POT', 50),
(14, 'SUG', 2),
(14, 'VITC', 30),
(15, 'CAL', 120),
(15, 'CALC', 0),
(15, 'CARB', 0),
(15, 'FAT', 1),
(15, 'FE', 14),
(15, 'MUFAT', 10),
(15, 'PUFAT', 2),
(15, 'SATFAT', 1),
(16, 'CAL', 20),
(16, 'CALC', 22),
(16, 'CARB', 5),
(16, 'FIB', 1),
(16, 'NA', 5),
(16, 'POT', 150),
(16, 'PRO', 1),
(16, 'SUG', 2),
(16, 'VITA', 5),
(16, 'VITC', 10),
(17, 'CAL', 90),
(17, 'CALC', 2),
(17, 'CARB', 3),
(17, 'FAT', 2),
(17, 'FE', 8),
(17, 'FIB', 1),
(17, 'MUFAT', 5),
(17, 'NA', 10),
(17, 'POT', 50),
(17, 'PRO', 3),
(17, 'PUFAT', 1),
(17, 'SATFAT', 1),
(17, 'SUG', 1),
(18, 'CAL', 5),
(18, 'CALC', 2),
(18, 'CARB', 1),
(18, 'POT', 10),
(19, 'CAL', 5),
(19, 'CALC', 1),
(19, 'CARB', 2),
(19, 'POT', 30),
(19, 'SUG', 2),
(19, 'VITA', 10),
(19, 'VITC', 20),
(20, 'CAL', 120),
(20, 'CALC', 0),
(20, 'CARB', 0),
(20, 'FAT', 1),
(20, 'FE', 14),
(20, 'MUFAT', 10),
(20, 'PUFAT', 2),
(20, 'SATFAT', 1),
(26, 'CAL', 5),
(26, 'CALC', 0),
(26, 'CARB', 1),
(26, 'NA', 100),
(26, 'POT', 10),
(26, 'SUG', 1),
(27, 'CAL', 455),
(27, 'CALC', 1),
(27, 'CARB', 95),
(27, 'FE', 3),
(27, 'FIB', 3),
(27, 'POT', 30),
(27, 'PRO', 13),
(27, 'SATFAT', 1),
(27, 'SUG', 1),
(28, 'CAL', 455),
(28, 'CALC', 2),
(28, 'CARB', 95),
(28, 'FE', 3),
(28, 'FIB', 3),
(28, 'POT', 30),
(28, 'PRO', 13),
(28, 'SATFAT', 1),
(28, 'SUG', 1),
(29, 'CAL', 70),
(29, 'CALC', 12),
(29, 'CARB', 0),
(29, 'CHOL', 185),
(29, 'FAT', 2),
(29, 'FE', 5),
(29, 'MUFAT', 1),
(29, 'POT', 6),
(29, 'PRO', 70),
(29, 'PUFAT', 2),
(29, 'SATFAT', 70),
(30, 'CAL', 15),
(30, 'CALC', 0),
(30, 'CARB', 0),
(30, 'NA', 400),
(31, 'CAL', 227),
(31, 'CALC', 25),
(31, 'CARB', 41),
(31, 'FAT', 1),
(31, 'FE', 4),
(31, 'FIB', 15),
(31, 'NA', 1),
(31, 'POT', 740),
(31, 'PRO', 15),
(32, 'CAL', 132),
(32, 'CALC', 0),
(32, 'CARB', 30),
(32, 'FAT', 1),
(32, 'FE', 2),
(32, 'FIB', 3),
(32, 'NA', 11),
(32, 'POT', 270),
(32, 'PRO', 5),
(32, 'SATFAT', 1),
(32, 'SUG', 6),
(32, 'VITC', 10),
(33, 'CAL', 22),
(33, 'CALC', 6),
(33, 'CARB', 5),
(33, 'FE', 1),
(33, 'FIB', 1),
(33, 'NA', 6),
(33, 'POT', 237),
(33, 'PRO', 1),
(33, 'SUG', 3),
(33, 'VITA', 8),
(33, 'VITC', 16),
(34, 'CAL', 10),
(34, 'CALC', 4),
(34, 'CARB', 2),
(34, 'NA', 1),
(34, 'POT', 60),
(34, 'SUG', 2),
(34, 'VITC', 5),
(35, 'CAL', 1),
(35, 'CALC', 3),
(35, 'CARB', 0),
(35, 'NA', 1),
(35, 'VITA', 1),
(35, 'VITC', 12),
(36, 'CAL', 234),
(36, 'CALC', 10),
(36, 'CARB', 12),
(36, 'FAT', 15),
(36, 'FE', 21),
(36, 'FIB', 10),
(36, 'MUFAT', 3),
(36, 'NA', 11),
(36, 'POT', 708),
(36, 'PRO', 3),
(36, 'PUFAT', 3),
(36, 'SATFAT', 3),
(36, 'VITA', 4),
(36, 'VITC', 20),
(37, 'CAL', 119),
(37, 'CALC', 0),
(37, 'CARB', 0),
(37, 'FAT', 10),
(37, 'FE', 14),
(37, 'MUFAT', 1),
(37, 'PUFAT', 2),
(38, 'CAL', 8),
(38, 'CALC', 2),
(38, 'CARB', 3),
(38, 'POT', 23),
(38, 'VITC', 14),
(39, 'CAL', 4),
(39, 'CALC', 2),
(39, 'CARB', 1),
(39, 'POT', 1),
(39, 'VITC', 2),
(40, 'CAL', 8),
(40, 'CALC', 8),
(40, 'CARB', 1),
(40, 'NA', 1),
(40, 'POT', 22),
(40, 'VITA', 1),
(41, 'CAL', 0),
(41, 'CALC', 0),
(41, 'CARB', 0),
(42, 'CAL', 5),
(42, 'CALC', 1),
(42, 'CARB', 1),
(42, 'NA', 1),
(42, 'POT', 17),
(42, 'VITA', 1),
(42, 'VITC', 8),
(43, 'CAL', 157),
(43, 'CALC', 120),
(43, 'CARB', 0),
(43, 'CHOL', 47),
(43, 'FAT', 7),
(43, 'FE', 1),
(43, 'MUFAT', 2),
(43, 'NA', 440),
(43, 'POT', 295),
(43, 'PRO', 23),
(43, 'PUFAT', 1),
(44, 'CAL', 72),
(44, 'CALC', 25),
(44, 'CARB', 0),
(44, 'CHOL', 186),
(44, 'FAT', 2),
(44, 'FE', 5),
(44, 'MUFAT', 2),
(44, 'NA', 71),
(44, 'POT', 63),
(44, 'PRO', 6),
(44, 'PUFAT', 2),
(44, 'SATFAT', 1),
(44, 'VITA', 5),
(45, 'CAL', 455),
(45, 'CALC', 34),
(45, 'CARB', 95),
(45, 'FE', 3),
(45, 'FIB', 3),
(45, 'POT', 30),
(45, 'PRO', 13),
(45, 'SATFAT', 1),
(45, 'SUG', 1),
(46, 'CAL', 4),
(46, 'CALC', 2),
(46, 'CARB', 1),
(46, 'NA', 1),
(46, 'POT', 2),
(46, 'SUG', 2),
(46, 'VITC', 5),
(47, 'CAL', 11),
(47, 'CALC', 14),
(47, 'CARB', 2),
(47, 'FIB', 1),
(47, 'NA', 6),
(47, 'POT', 79),
(47, 'PRO', 1),
(47, 'VITC', 133),
(48, 'CAL', 4),
(48, 'CALC', 6),
(48, 'CARB', 1),
(48, 'POT', 2),
(48, 'VITC', 8),
(49, 'CAL', 15),
(49, 'CALC', 4),
(49, 'CARB', 1),
(49, 'FAT', 1),
(49, 'FE', 1),
(49, 'MUFAT', 1),
(49, 'NA', 140),
(49, 'POT', 17),
(49, 'PRO', 1),
(50, 'CAL', 0),
(50, 'CALC', 0),
(50, 'CARB', 0),
(51, 'CAL', 5),
(51, 'CALC', 0),
(51, 'CARB', 1),
(51, 'NA', 1),
(51, 'POT', 17),
(51, 'VITA', 1),
(51, 'VITC', 8),
(52, 'CAL', 1927),
(52, 'CALC', 0),
(52, 'CARB', 0),
(52, 'FAT', 14),
(52, 'FE', 218),
(52, 'MUFAT', 31),
(52, 'PUFAT', 186),
(52, 'SATFAT', 20),
(60, 'CAL', 78),
(60, 'CALC', 28),
(60, 'CARB', 1),
(60, 'CHOL', 186),
(60, 'FAT', 5),
(60, 'FE', 5),
(60, 'MUFAT', 2),
(60, 'NA', 62),
(60, 'POT', 63),
(60, 'PRO', 6),
(60, 'PUFAT', 2),
(60, 'SATFAT', 2),
(60, 'SUG', 1),
(60, 'VITA', 270),
(61, 'CAL', 916),
(61, 'CALC', 8),
(61, 'CARB', 2),
(61, 'CHOL', 126),
(61, 'FAT', 15),
(61, 'FE', 101),
(61, 'MUFAT', 12),
(61, 'NA', 844),
(61, 'PRO', 1),
(61, 'PUFAT', 16),
(61, 'SATFAT', 4),
(61, 'SUG', 1),
(61, 'VITA', 204),
(62, 'CAL', 3),
(62, 'CALC', 5),
(62, 'CARB', 1),
(62, 'NA', 57),
(62, 'POT', 3),
(62, 'VITA', 6),
(63, 'CAL', 6),
(63, 'CALC', 10),
(63, 'CARB', 1),
(63, 'FIB', 1),
(63, 'NA', 32),
(63, 'POT', 37),
(63, 'SUG', 1),
(63, 'VITA', 75),
(63, 'VITC', 3),
(64, 'CAL', 1),
(64, 'CALC', 8),
(64, 'CARB', 0),
(64, 'NA', 1),
(64, 'POT', 3),
(64, 'VITA', 435),
(64, 'VITC', 58),
(65, 'CAL', 0),
(65, 'CALC', 0),
(65, 'CARB', 0),
(65, 'NA', 1163),
(66, 'CAL', 5),
(66, 'CALC', 0),
(66, 'CARB', 1),
(66, 'NA', 1),
(66, 'POT', 17),
(66, 'VITA', 1),
(66, 'VITC', 8),
(72, 'CAL', 90),
(72, 'CALC', 20),
(72, 'CARB', 21),
(72, 'FAT', 1),
(72, 'FE', 1),
(72, 'FIB', 2),
(72, 'NA', 15),
(72, 'POT', 620),
(72, 'PRO', 2),
(72, 'SUG', 1),
(72, 'VITC', 19),
(73, 'CAL', 977),
(73, 'CALC', 0),
(73, 'CARB', 0),
(73, 'CHOL', 287),
(73, 'FAT', 26),
(73, 'FE', 66),
(73, 'MUFAT', 3),
(73, 'NA', 249),
(73, 'POT', 608),
(73, 'PRO', 100),
(73, 'PUFAT', 34),
(73, 'SATFAT', 20),
(74, 'CAL', 64),
(74, 'CALC', 20),
(74, 'CARB', 15),
(74, 'FIB', 3),
(74, 'NA', 4),
(74, 'POT', 146),
(74, 'PRO', 1),
(74, 'SUG', 7),
(74, 'VITC', 10),
(75, 'CAL', 4),
(75, 'CALC', 13),
(75, 'CARB', 1),
(75, 'NA', 1),
(75, 'POT', 5),
(75, 'VITA', 1),
(75, 'VITC', 3),
(76, 'CAL', 5),
(76, 'CALC', 4),
(76, 'CARB', 1),
(76, 'NA', 3),
(76, 'POT', 25),
(76, 'VITA', 6),
(76, 'VITC', 1),
(77, 'CAL', 460),
(77, 'CALC', 0),
(77, 'CARB', 64),
(77, 'FAT', 2),
(77, 'FE', 7),
(77, 'FIB', 3),
(77, 'MUFAT', 1),
(77, 'NA', 7),
(77, 'PRO', 9),
(77, 'PUFAT', 5),
(77, 'SUG', 4),
(78, 'CAL', 102),
(78, 'CALC', 3),
(78, 'CARB', 0),
(78, 'CHOL', 31),
(78, 'FAT', 7),
(78, 'FE', 12),
(78, 'MUFAT', 5),
(78, 'PRO', 3),
(78, 'SUG', 82),
(78, 'VITC', 491),
(79, 'CAL', 85),
(79, 'CALC', 505),
(79, 'CARB', 2),
(79, 'CHOL', 28),
(79, 'FAT', 6),
(79, 'MUFAT', 4),
(79, 'NA', 176),
(79, 'POT', 46),
(79, 'PRO', 6),
(79, 'SATFAT', 2),
(79, 'VITA', 5),
(80, 'CAL', 455),
(80, 'CALC', 24),
(80, 'CARB', 95),
(80, 'FE', 3),
(80, 'FIB', 3),
(80, 'POT', 30),
(80, 'PRO', 13),
(80, 'SATFAT', 1),
(80, 'SUG', 1),
(81, 'CAL', 431),
(81, 'CALC', 416),
(81, 'CARB', 4),
(81, 'CHOL', 123),
(81, 'FAT', 28),
(81, 'MUFAT', 11),
(81, 'NA', 1354),
(81, 'POT', 138),
(81, 'PRO', 32),
(81, 'PUFAT', 2),
(81, 'SATFAT', 7),
(82, 'CAL', 70),
(82, 'CALC', 12),
(82, 'CARB', 0),
(82, 'CHOL', 185),
(82, 'FAT', 2),
(82, 'FE', 5),
(82, 'MUFAT', 1),
(82, 'POT', 6),
(82, 'PRO', 70),
(82, 'PUFAT', 2),
(82, 'SATFAT', 70),
(83, 'CAL', 5),
(83, 'CALC', 28),
(83, 'CARB', 1),
(83, 'NA', 1),
(83, 'POT', 19),
(83, 'VITA', 3),
(84, 'CAL', 4),
(84, 'CALC', 14),
(84, 'CARB', 1),
(84, 'NA', 1),
(84, 'POT', 148),
(84, 'SUG', 1),
(84, 'VITA', 6),
(84, 'VITC', 66),
(85, 'CAL', 51),
(85, 'CALC', 24),
(85, 'CARB', 2),
(85, 'CHOL', 16),
(85, 'FAT', 5),
(85, 'MUFAT', 3),
(85, 'NA', 50),
(85, 'POT', 49),
(85, 'PRO', 1),
(85, 'SATFAT', 2),
(85, 'SUG', 2),
(85, 'VITA', 165),
(86, 'CAL', 43),
(86, 'CALC', 0),
(86, 'CARB', 0),
(86, 'CHOL', 10),
(86, 'FAT', 4),
(86, 'MUFAT', 1),
(86, 'NA', 137),
(86, 'POT', 43),
(86, 'PRO', 3),
(86, 'PUFAT', 2),
(86, 'SATFAT', 2),
(87, 'CAL', 1024),
(87, 'CALC', 25),
(87, 'CARB', 0),
(87, 'CHOL', 294),
(87, 'FAT', 24),
(87, 'FE', 73),
(87, 'MUFAT', 6),
(87, 'NA', 343),
(87, 'POT', 1319),
(87, 'PRO', 158),
(87, 'PUFAT', 34),
(87, 'SATFAT', 15),
(88, 'CAL', 64),
(88, 'CALC', 24),
(88, 'CARB', 15),
(88, 'FIB', 3),
(88, 'NA', 4),
(88, 'POT', 146),
(88, 'PRO', 1),
(88, 'SUG', 7),
(88, 'VITC', 10),
(89, 'CAL', 4),
(89, 'CALC', 13),
(89, 'CARB', 1),
(89, 'NA', 1),
(89, 'POT', 5),
(89, 'VITA', 1),
(89, 'VITC', 3),
(90, 'CAL', 119),
(90, 'CALC', 0),
(90, 'CARB', 0),
(90, 'FAT', 10),
(90, 'FE', 14),
(90, 'MUFAT', 1),
(90, 'SATFAT', 2),
(91, 'CAL', 103),
(91, 'CALC', 87),
(91, 'CARB', 18),
(91, 'CHOL', 8),
(91, 'FAT', 4),
(91, 'FE', 3),
(91, 'FIB', 8),
(91, 'MUFAT', 1),
(91, 'NA', 230),
(91, 'POT', 458),
(91, 'PRO', 5),
(91, 'PUFAT', 1),
(91, 'SUG', 4),
(91, 'VITA', 2640),
(91, 'VITC', 50),
(92, 'CAL', 23),
(92, 'CALC', 33),
(92, 'CARB', 1),
(92, 'CHOL', 1),
(92, 'FAT', 1),
(92, 'NA', 14),
(92, 'POT', 107),
(92, 'PRO', 1),
(92, 'VITA', 8),
(93, 'CAL', 20),
(93, 'CALC', 20),
(93, 'CARB', 4),
(93, 'FAT', 1),
(93, 'FE', 1),
(93, 'FIB', 2),
(93, 'NA', 1),
(93, 'POT', 228),
(93, 'VITA', 3381),
(93, 'VITC', 9),
(94, 'CAL', 90),
(94, 'CALC', 88),
(94, 'CARB', 6),
(94, 'FE', 1),
(94, 'FIB', 2),
(94, 'NA', 380),
(94, 'POT', 190),
(94, 'PRO', 2),
(94, 'SUG', 4),
(94, 'VITA', 2100),
(94, 'VITC', 120),
(95, 'CAL', 86),
(95, 'CALC', 40),
(95, 'CARB', 20),
(95, 'FE', 1),
(95, 'FIB', 4),
(95, 'NA', 400),
(95, 'POT', 700),
(95, 'PRO', 4),
(95, 'SUG', 12),
(95, 'VITA', 4200),
(95, 'VITC', 300),
(96, 'CAL', 330),
(96, 'CALC', 70),
(96, 'CARB', 60),
(96, 'FE', 4),
(96, 'FIB', 20),
(96, 'MUFAT', 1),
(96, 'NA', 960),
(96, 'POT', 500),
(96, 'PRO', 20),
(96, 'PUFAT', 1),
(97, 'CAL', 935),
(97, 'CALC', 4),
(97, 'CARB', 0),
(97, 'CHOL', 287),
(97, 'FAT', 12),
(97, 'FE', 48),
(97, 'MUFAT', 6),
(97, 'NA', 275),
(97, 'POT', 1200),
(97, 'PRO', 101),
(97, 'PUFAT', 11),
(97, 'SATFAT', 17),
(98, 'CAL', 64),
(98, 'CALC', 24),
(98, 'CARB', 15),
(98, 'FIB', 3),
(98, 'NA', 4),
(98, 'POT', 146),
(98, 'PRO', 1),
(98, 'SUG', 7),
(98, 'VITC', 10),
(99, 'CAL', 52),
(99, 'CALC', 20),
(99, 'CARB', 12),
(99, 'FIB', 4),
(99, 'NA', 42),
(99, 'POT', 212),
(99, 'PRO', 1),
(99, 'SUG', 6),
(99, 'VITA', 270),
(99, 'VITC', 10),
(100, 'CAL', 78),
(100, 'CALC', 20),
(100, 'CARB', 17),
(100, 'FE', 1),
(100, 'FIB', 3),
(100, 'NA', 1),
(100, 'POT', 214),
(100, 'PRO', 1),
(100, 'SUG', 3),
(100, 'VITC', 5),
(101, 'CAL', 8),
(101, 'CALC', 5),
(101, 'CARB', 0),
(101, 'NA', 920),
(101, 'POT', 135),
(101, 'PRO', 1),
(102, 'CAL', 42),
(102, 'CALC', 4),
(102, 'CARB', 8),
(102, 'NA', 283),
(102, 'POT', 54),
(102, 'PRO', 1),
(102, 'SUG', 6),
(103, 'CAL', 120),
(103, 'CALC', 0),
(103, 'CARB', 0),
(103, 'FAT', 10),
(103, 'FE', 14),
(103, 'MUFAT', 1),
(103, 'SATFAT', 2),
(104, 'CAL', 4),
(104, 'CALC', 20),
(104, 'CARB', 1),
(104, 'NA', 1),
(104, 'POT', 5),
(104, 'VITA', 1),
(104, 'VITC', 3),
(105, 'CAL', 176),
(105, 'CALC', 7),
(105, 'CARB', 36),
(105, 'FE', 2),
(105, 'FIB', 2),
(105, 'NA', 9),
(105, 'POT', 58),
(105, 'PRO', 6),
(106, 'CAL', 352),
(106, 'CALC', 4),
(106, 'CARB', 93),
(106, 'FIB', 5),
(106, 'NA', 2),
(106, 'PRO', 1),
(106, 'SUG', 85),
(107, 'CAL', 62),
(107, 'CALC', 10),
(107, 'CARB', 15),
(107, 'FIB', 2),
(107, 'POT', 124),
(107, 'PRO', 1),
(107, 'SUG', 9),
(107, 'VITA', 14),
(107, 'VITC', 85),
(108, 'CAL', 11),
(108, 'CALC', 14),
(108, 'CARB', 2),
(108, 'FE', 1),
(108, 'FIB', 1),
(108, 'NA', 22),
(108, 'POT', 156),
(108, 'PRO', 1),
(108, 'VITA', 8427),
(108, 'VITC', 133),
(109, 'CAL', 119),
(109, 'CALC', 0),
(109, 'CARB', 0),
(109, 'FAT', 10),
(109, 'FE', 14),
(109, 'MUFAT', 1),
(109, 'SATFAT', 2),
(110, 'CAL', 8),
(110, 'CALC', 1),
(110, 'CARB', 2),
(110, 'POT', 25),
(110, 'SUG', 2),
(110, 'VITA', 5),
(110, 'VITC', 23),
(111, 'CAL', 4),
(111, 'CALC', 1),
(111, 'CARB', 1),
(111, 'POT', 11),
(111, 'VITC', 7),
(112, 'CAL', 64),
(112, 'CALC', 1),
(112, 'CARB', 17),
(112, 'NA', 1),
(112, 'POT', 11),
(112, 'SUG', 17),
(113, 'CAL', 0),
(113, 'CALC', 0),
(113, 'CARB', 0),
(113, 'NA', 2000),
(114, 'CAL', 0),
(114, 'CALC', 0),
(114, 'CARB', 0),
(118, 'CAL', 1024),
(118, 'CALC', 25),
(118, 'CARB', 0),
(118, 'CHOL', 294),
(118, 'FAT', 24),
(118, 'FE', 73),
(118, 'MUFAT', 6),
(118, 'NA', 343),
(118, 'POT', 1319),
(118, 'PRO', 158),
(118, 'PUFAT', 34),
(118, 'SATFAT', 15),
(119, 'CAL', 430),
(119, 'CALC', 44),
(119, 'CARB', 77),
(119, 'FAT', 5),
(119, 'FE', 6),
(119, 'FIB', 4),
(119, 'MUFAT', 1),
(119, 'NA', 948),
(119, 'POT', 94),
(119, 'PRO', 13),
(119, 'PUFAT', 2),
(119, 'SATFAT', 1),
(119, 'SUG', 4),
(120, 'CAL', 64),
(120, 'CALC', 20),
(120, 'CARB', 15),
(120, 'FIB', 3),
(120, 'NA', 4),
(120, 'POT', 146),
(120, 'PRO', 1),
(120, 'SUG', 7),
(120, 'VITC', 10),
(121, 'CAL', 4),
(121, 'CALC', 13),
(121, 'CARB', 1),
(121, 'NA', 1),
(121, 'POT', 5),
(121, 'VITA', 1),
(121, 'VITC', 3),
(122, 'CAL', 19),
(122, 'CALC', 9),
(122, 'CARB', 5),
(122, 'NA', 155),
(122, 'POT', 61),
(122, 'SUG', 4),
(122, 'VITA', 60),
(123, 'CAL', 13),
(123, 'CALC', 4),
(123, 'CARB', 2),
(123, 'NA', 1348),
(123, 'POT', 65),
(123, 'SUG', 2),
(123, 'VITA', 58),
(124, 'CAL', 72),
(124, 'CALC', 25),
(124, 'CARB', 0),
(124, 'CHOL', 186),
(124, 'FAT', 2),
(124, 'FE', 5),
(124, 'MUFAT', 2),
(124, 'NA', 71),
(124, 'POT', 69),
(124, 'PRO', 6),
(124, 'PUFAT', 2),
(124, 'SATFAT', 1),
(124, 'VITA', 244),
(125, 'CAL', 0),
(125, 'CALC', 0),
(125, 'CARB', 0),
(125, 'NA', 2000),
(126, 'CAL', 0),
(126, 'CALC', 0),
(126, 'CARB', 0),
(131, 'CAL', 164),
(131, 'CALC', 0),
(131, 'CARB', 0),
(131, 'CHOL', 73),
(131, 'FAT', 4),
(131, 'FE', 1),
(131, 'MUFAT', 1),
(131, 'NA', 74),
(131, 'POT', 232),
(131, 'PRO', 31),
(131, 'PUFAT', 1),
(131, 'SATFAT', 1),
(132, 'CAL', 16),
(132, 'CALC', 37),
(132, 'CARB', 3),
(132, 'FIB', 2),
(132, 'NA', 80),
(132, 'POT', 104),
(132, 'SUG', 2),
(132, 'VITA', 449),
(132, 'VITC', 3),
(133, 'CAL', 46),
(133, 'CALC', 13),
(133, 'CARB', 11),
(133, 'FIB', 2),
(133, 'NA', 4),
(133, 'POT', 146),
(133, 'PRO', 1),
(133, 'SUG', 7),
(133, 'VITC', 10),
(134, 'CAL', 22),
(134, 'CALC', 20),
(134, 'CARB', 4),
(134, 'FE', 1),
(134, 'FIB', 2),
(134, 'NA', 2),
(134, 'POT', 303),
(134, 'PRO', 1),
(134, 'VITA', 4210),
(134, 'VITC', 133),
(135, 'CAL', 52),
(135, 'CALC', 10),
(135, 'CARB', 13),
(135, 'FIB', 1),
(135, 'NA', 2),
(135, 'POT', 288),
(135, 'SUG', 12),
(135, 'VITA', 50),
(135, 'VITC', 2),
(136, 'CAL', 916),
(136, 'CALC', 12),
(136, 'CARB', 8),
(136, 'CHOL', 129),
(136, 'FAT', 103),
(136, 'FE', 1),
(136, 'MUFAT', 17),
(136, 'NA', 1023),
(136, 'POT', 11),
(136, 'PRO', 1),
(136, 'PUFAT', 21),
(136, 'SATFAT', 3),
(136, 'SUG', 8),
(136, 'VITC', 2),
(137, 'CAL', 59),
(137, 'CALC', 19),
(137, 'CARB', 3),
(137, 'CHOL', 3),
(137, 'NA', 36),
(137, 'POT', 77),
(137, 'PRO', 10),
(137, 'SUG', 4),
(137, 'VITC', 1),
(138, 'CAL', 4),
(138, 'CALC', 3),
(138, 'CARB', 1),
(138, 'POT', 5),
(138, 'VITA', 6),
(138, 'VITC', 15),
(139, 'CAL', 21),
(139, 'CALC', 9),
(139, 'CARB', 1),
(139, 'FAT', 1),
(139, 'FE', 1),
(139, 'NA', 140),
(139, 'POT', 47),
(139, 'PRO', 1),
(139, 'VITA', 5),
(139, 'VITC', 1),
(140, 'CAL', 0),
(140, 'CALC', 0),
(140, 'CARB', 0),
(140, 'NA', 2000),
(141, 'CAL', 0),
(141, 'CALC', 0),
(141, 'CARB', 0),
(146, 'CAL', 230),
(146, 'CALC', 18),
(146, 'CARB', 40),
(146, 'FAT', 1),
(146, 'FE', 3),
(146, 'FIB', 16),
(146, 'NA', 4),
(146, 'POT', 369),
(146, 'PRO', 18),
(146, 'PUFAT', 1),
(146, 'SUG', 1),
(146, 'VITC', 2),
(147, 'CAL', 269),
(147, 'CALC', 50),
(147, 'CARB', 45),
(147, 'FAT', 4),
(147, 'FE', 5),
(147, 'FIB', 13),
(147, 'MUFAT', 1),
(147, 'NA', 15),
(147, 'POT', 477),
(147, 'PRO', 15),
(147, 'PUFAT', 2),
(147, 'SATFAT', 1),
(148, 'CAL', 8),
(148, 'CALC', 14),
(148, 'CARB', 2),
(148, 'NA', 1),
(148, 'POT', 76),
(148, 'SUG', 2),
(148, 'VITA', 52),
(148, 'VITC', 8),
(149, 'CAL', 19),
(149, 'CALC', 8),
(149, 'CARB', 4),
(149, 'FIB', 2),
(149, 'NA', 3),
(149, 'POT', 156),
(149, 'PRO', 1),
(149, 'SUG', 2),
(149, 'VITA', 3427),
(149, 'VITC', 152),
(150, 'CAL', 2),
(150, 'CALC', 31),
(150, 'CARB', 0),
(150, 'NA', 1),
(150, 'POT', 15),
(150, 'VITA', 6748),
(150, 'VITC', 1),
(151, 'CAL', 4),
(151, 'CALC', 10),
(151, 'CARB', 1),
(151, 'NA', 2),
(151, 'POT', 38),
(151, 'VITA', 525),
(151, 'VITC', 8),
(152, 'CAL', 119),
(152, 'CALC', 0),
(152, 'CARB', 0),
(152, 'FAT', 10),
(152, 'FE', 14),
(152, 'MUFAT', 1),
(152, 'SATFAT', 2),
(153, 'CAL', 4),
(153, 'CALC', 3),
(153, 'CARB', 1),
(153, 'POT', 5),
(153, 'VITA', 6),
(153, 'VITC', 15),
(154, 'CAL', 21),
(154, 'CALC', 9),
(154, 'CARB', 1),
(154, 'FAT', 1),
(154, 'FE', 1),
(154, 'NA', 140),
(154, 'POT', 47),
(154, 'PRO', 1),
(154, 'VITA', 5),
(154, 'VITC', 1),
(155, 'CAL', 4),
(155, 'CALC', 5),
(155, 'CARB', 1),
(155, 'NA', 1),
(155, 'POT', 12),
(155, 'VITC', 1),
(156, 'CAL', 0),
(156, 'CALC', 0),
(156, 'CARB', 0),
(156, 'NA', 2000),
(157, 'CAL', 0),
(157, 'CALC', 0),
(157, 'CARB', 0),
(158, 'CAL', 554),
(158, 'CALC', 97),
(158, 'CARB', 2),
(158, 'CHOL', 590),
(158, 'FAT', 12),
(158, 'FE', 12),
(158, 'MUFAT', 2),
(158, 'NA', 420),
(158, 'POT', 214),
(158, 'PRO', 111),
(158, 'SATFAT', 2),
(158, 'VITC', 11),
(159, 'CAL', 24),
(159, 'CALC', 9),
(159, 'CARB', 5),
(159, 'FE', 1),
(159, 'FIB', 2),
(159, 'NA', 3),
(159, 'POT', 114),
(159, 'PRO', 1),
(159, 'SUG', 4),
(159, 'VITC', 152),
(160, 'CAL', 44),
(160, 'CALC', 8),
(160, 'CARB', 10),
(160, 'FIB', 1),
(160, 'NA', 4),
(160, 'POT', 146),
(160, 'PRO', 1),
(160, 'SUG', 5),
(160, 'VITC', 7),
(161, 'CAL', 4),
(161, 'CALC', 5),
(161, 'CARB', 1),
(161, 'NA', 1),
(161, 'POT', 5),
(161, 'VITA', 1),
(161, 'VITC', 3),
(162, 'CAL', 119),
(162, 'CALC', 0),
(162, 'CARB', 0),
(162, 'FAT', 10),
(162, 'FE', 14),
(162, 'MUFAT', 1),
(162, 'SATFAT', 2),
(163, 'CAL', 87),
(163, 'CALC', 15),
(163, 'CARB', 18),
(163, 'FE', 1),
(163, 'FIB', 7),
(163, 'MUFAT', 1),
(163, 'NA', 1780),
(163, 'POT', 330),
(163, 'PRO', 5),
(163, 'SUG', 1),
(163, 'VITA', 3325),
(163, 'VITC', 123),
(164, 'CAL', 90),
(164, 'CALC', 88),
(164, 'CARB', 6),
(164, 'FE', 1),
(164, 'FIB', 2),
(164, 'NA', 380),
(164, 'POT', 190),
(164, 'PRO', 2),
(164, 'SUG', 4),
(164, 'VITA', 2100),
(164, 'VITC', 120),
(165, 'CAL', 86),
(165, 'CALC', 40),
(165, 'CARB', 20),
(165, 'FE', 1),
(165, 'FIB', 4),
(165, 'NA', 400),
(165, 'POT', 700),
(165, 'PRO', 4),
(165, 'SUG', 12),
(165, 'VITA', 4200),
(165, 'VITC', 300),
(166, 'CAL', 220),
(166, 'CALC', 3),
(166, 'CARB', 43),
(166, 'FAT', 1),
(166, 'FE', 2),
(166, 'FIB', 2),
(166, 'NA', 3),
(166, 'POT', 29),
(166, 'PRO', 8),
(167, 'CAL', 11),
(167, 'CALC', 79),
(167, 'CARB', 2),
(167, 'FAT', 1),
(167, 'FE', 1),
(167, 'FIB', 1),
(167, 'NA', 4),
(167, 'POT', 203),
(167, 'PRO', 1),
(167, 'VITA', 4213),
(167, 'VITC', 133),
(168, 'CAL', 165),
(168, 'CALC', 8),
(168, 'CARB', 0),
(168, 'CHOL', 84),
(168, 'FAT', 4),
(168, 'FE', 1),
(168, 'MUFAT', 1),
(168, 'NA', 74),
(168, 'POT', 256),
(168, 'PRO', 31),
(168, 'PUFAT', 1),
(168, 'SATFAT', 1),
(168, 'VITA', 20),
(169, 'CAL', 20),
(169, 'CALC', 27),
(169, 'CARB', 4),
(169, 'FE', 2),
(169, 'FIB', 2),
(169, 'NA', 2),
(169, 'POT', 202),
(169, 'PRO', 2),
(169, 'SUG', 1),
(169, 'VITA', 756),
(169, 'VITC', 13),
(170, 'CAL', 220),
(170, 'CALC', 18),
(170, 'CARB', 43),
(170, 'FAT', 1),
(170, 'FE', 2),
(170, 'FIB', 2),
(170, 'NA', 3),
(170, 'POT', 29),
(170, 'PRO', 8),
(171, 'CAL', 99),
(171, 'CALC', 73),
(171, 'CARB', 2),
(171, 'CHOL', 28),
(171, 'FAT', 10),
(171, 'MUFAT', 6),
(171, 'NA', 221),
(171, 'POT', 58),
(171, 'PRO', 1),
(171, 'PUFAT', 2),
(171, 'SUG', 1),
(171, 'VITA', 1441),
(171, 'VITC', 3),
(172, 'CAL', 119),
(172, 'CALC', 0),
(172, 'CARB', 0),
(172, 'FAT', 10),
(172, 'FE', 14),
(172, 'MUFAT', 1),
(172, 'SATFAT', 2),
(173, 'CAL', 22),
(173, 'CALC', 138),
(173, 'CARB', 1),
(173, 'CHOL', 8),
(173, 'FAT', 1),
(173, 'MUFAT', 1),
(173, 'NA', 168),
(173, 'POT', 50),
(173, 'PRO', 2),
(173, 'VITA', 169),
(174, 'CAL', 100),
(174, 'CALC', 24),
(174, 'CARB', 20),
(174, 'FE', 2),
(174, 'FIB', 4),
(174, 'NA', 300),
(174, 'PRO', 2),
(174, 'SUG', 12),
(174, 'VITC', 15),
(175, 'CAL', 122),
(175, 'CALC', 28),
(175, 'CARB', 11),
(175, 'CHOL', 10),
(175, 'FAT', 7),
(175, 'MUFAT', 4),
(175, 'NA', 110),
(175, 'POT', 406),
(175, 'PRO', 8),
(175, 'SATFAT', 2),
(175, 'SUG', 11),
(175, 'VITA', 395),
(176, 'CAL', 440),
(176, 'CALC', 305),
(176, 'CARB', 2),
(176, 'CHOL', 120),
(176, 'FAT', 37),
(176, 'MUFAT', 16),
(176, 'NA', 700),
(176, 'POT', 61),
(176, 'PRO', 26),
(176, 'PUFAT', 1),
(176, 'SATFAT', 22),
(176, 'SUG', 1),
(176, 'VITA', 25),
(177, 'CAL', 46),
(177, 'CALC', 6),
(177, 'CARB', 9),
(177, 'FE', 1),
(177, 'FIB', 3),
(177, 'NA', 2),
(177, 'POT', 211),
(177, 'PRO', 2),
(177, 'SUG', 6),
(177, 'VITA', 1577),
(177, 'VITC', 95),
(178, 'CAL', 46),
(178, 'CALC', 7),
(178, 'CARB', 11),
(178, 'FIB', 2),
(178, 'NA', 2),
(178, 'POT', 116),
(178, 'PRO', 2),
(178, 'SUG', 5),
(178, 'VITA', 28),
(178, 'VITC', 9),
(179, 'CAL', 119),
(179, 'CALC', 0),
(179, 'CARB', 0),
(179, 'FAT', 10),
(179, 'FE', 14),
(179, 'MUFAT', 1),
(179, 'SATFAT', 2),
(180, 'CAL', 28),
(180, 'CALC', 3),
(180, 'CARB', 0),
(180, 'NA', 2),
(180, 'POT', 8),
(180, 'SUG', 1),
(180, 'VITC', 1),
(181, 'CAL', 15),
(181, 'CALC', 0),
(181, 'CARB', 0),
(181, 'FAT', 1),
(181, 'FE', 1),
(181, 'NA', 1),
(181, 'PRO', 11),
(181, 'SUG', 177),
(181, 'VITC', 3),
(182, 'CAL', 64),
(182, 'CALC', 1),
(182, 'CARB', 17),
(182, 'NA', 1),
(182, 'POT', 11),
(182, 'SUG', 17),
(183, 'CAL', 1),
(183, 'CALC', 16),
(183, 'CARB', 0),
(183, 'NA', 1),
(183, 'POT', 15),
(183, 'VITA', 1548),
(183, 'VITC', 42),
(184, 'CAL', 33),
(184, 'CALC', 22),
(184, 'CARB', 8),
(184, 'FIB', 2),
(184, 'NA', 3),
(184, 'POT', 293),
(184, 'PRO', 1),
(184, 'SUG', 4),
(184, 'VITA', 3726),
(184, 'VITC', 209),
(185, 'CAL', 222),
(185, 'CALC', 31),
(185, 'CARB', 39),
(185, 'FAT', 4),
(185, 'FE', 4),
(185, 'FIB', 3),
(185, 'MUFAT', 1),
(185, 'NA', 13),
(185, 'POT', 318),
(185, 'PRO', 8),
(185, 'PUFAT', 2),
(186, 'CAL', 227),
(186, 'CALC', 46),
(186, 'CARB', 41),
(186, 'FE', 1),
(186, 'FIB', 15),
(186, 'NA', 2),
(186, 'POT', 611),
(186, 'PRO', 15),
(187, 'CAL', 132),
(187, 'CALC', 2),
(187, 'CARB', 30),
(187, 'FAT', 2),
(187, 'FE', 1),
(187, 'FIB', 4),
(187, 'NA', 15),
(187, 'POT', 270),
(187, 'PRO', 5),
(187, 'SUG', 7),
(187, 'VITA', 1006),
(188, 'CAL', 0),
(188, 'CALC', 2),
(188, 'CARB', 0),
(197, 'CAL', 119),
(197, 'CALC', 1),
(197, 'CARB', 0),
(197, 'FAT', 14),
(197, 'MUFAT', 10),
(197, 'POT', 2),
(197, 'PUFAT', 1),
(198, 'CAL', 64),
(198, 'CALC', 23),
(198, 'CARB', 15),
(198, 'FIB', 2),
(198, 'NA', 4),
(198, 'POT', 146),
(198, 'PRO', 2),
(198, 'SUG', 6),
(198, 'VITC', 12),
(199, 'CAL', 46),
(199, 'CALC', 10),
(199, 'CARB', 11),
(199, 'FE', 1),
(199, 'FIB', 4),
(199, 'NA', 2),
(199, 'POT', 162),
(199, 'PRO', 2),
(199, 'SUG', 5),
(199, 'VITC', 152),
(200, 'CAL', 4),
(200, 'CALC', 15),
(200, 'CARB', 1),
(200, 'NA', 1),
(200, 'POT', 12),
(201, 'CAL', 218),
(201, 'CALC', 46),
(201, 'CARB', 40),
(201, 'FAT', 1),
(201, 'FE', 2),
(201, 'FIB', 15),
(201, 'NA', 14),
(201, 'PRO', 594),
(201, 'SUG', 6),
(202, 'CAL', 132),
(202, 'CALC', 1),
(202, 'CARB', 29),
(202, 'FAT', 2),
(202, 'FE', 2),
(202, 'FIB', 4),
(202, 'NA', 15),
(202, 'POT', 287),
(202, 'PRO', 5),
(202, 'PUFAT', 1),
(202, 'SUG', 7),
(202, 'VITC', 10),
(203, 'CAL', 32),
(203, 'CALC', 18),
(203, 'CARB', 7),
(203, 'FE', 1),
(203, 'FIB', 2),
(203, 'NA', 7),
(203, 'POT', 427),
(203, 'PRO', 2),
(203, 'SUG', 5),
(203, 'VITA', 767),
(203, 'VITC', 21),
(204, 'CAL', 20),
(204, 'CALC', 2),
(204, 'CARB', 5),
(204, 'FAT', 1),
(204, 'FIB', 2),
(204, 'NA', 322),
(204, 'POT', 76),
(204, 'SUG', 1),
(204, 'VITA', 2320),
(204, 'VITC', 8),
(205, 'CAL', 104),
(205, 'CALC', 17),
(205, 'CARB', 21),
(205, 'FAT', 1),
(205, 'FE', 2),
(205, 'FIB', 1),
(205, 'NA', 207),
(205, 'POT', 79),
(205, 'PRO', 2),
(205, 'SUG', 1),
(205, 'VITA', 100),
(206, 'CAL', 5),
(206, 'CALC', 18),
(206, 'CARB', 1),
(206, 'NA', 5),
(206, 'POT', 22),
(206, 'VITA', 1488),
(206, 'VITC', 15),
(207, 'CAL', 95),
(207, 'CALC', 2),
(207, 'CARB', 25),
(207, 'FIB', 4),
(207, 'NA', 19),
(207, 'PRO', 2),
(207, 'SATFAT', 195),
(207, 'SUG', 194),
(207, 'VITA', 54),
(207, 'VITC', 14),
(208, 'CAL', 6),
(208, 'CALC', 4),
(208, 'CARB', 1),
(208, 'FIB', 1),
(208, 'NA', 1),
(208, 'PRO', 32),
(208, 'SATFAT', 104),
(208, 'SUG', 78),
(208, 'VITA', 3),
(208, 'VITC', 4),
(209, 'CAL', 654),
(209, 'CALC', 2),
(209, 'CARB', 14),
(209, 'FAT', 62),
(209, 'FE', 3),
(209, 'FIB', 7),
(209, 'MUFAT', 6),
(209, 'NA', 3),
(209, 'POT', 15),
(209, 'PRO', 2),
(209, 'PUFAT', 14),
(209, 'SATFAT', 441),
(210, 'CAL', 434),
(210, 'CALC', 4),
(210, 'CARB', 115),
(210, 'FE', 2),
(210, 'FIB', 5),
(210, 'NA', 86),
(210, 'POT', 3),
(210, 'PRO', 11),
(210, 'SATFAT', 322),
(210, 'VITC', 3),
(211, 'CAL', 59),
(211, 'CALC', 19),
(211, 'CARB', 4),
(211, 'CHOL', 10),
(211, 'NA', 4),
(211, 'POT', 10),
(211, 'PRO', 36),
(211, 'SATFAT', 61),
(211, 'VITC', 1),
(212, 'CAL', 64),
(212, 'CALC', 1),
(212, 'CARB', 17),
(212, 'NA', 17),
(212, 'PRO', 1),
(212, 'SATFAT', 11),
(213, 'CAL', 4),
(213, 'CALC', 1),
(213, 'CARB', 1),
(213, 'PRO', 1),
(213, 'SATFAT', 7),
(213, 'VITC', 8),
(214, 'CAL', 119),
(214, 'CALC', 1),
(214, 'CARB', 0),
(214, 'FAT', 14),
(214, 'MUFAT', 10),
(214, 'POT', 2),
(214, 'PUFAT', 1),
(215, 'CAL', 64),
(215, 'CALC', 23),
(215, 'CARB', 15),
(215, 'FIB', 2),
(215, 'NA', 4),
(215, 'POT', 146),
(215, 'PRO', 2),
(215, 'SUG', 6),
(215, 'VITC', 12),
(216, 'CAL', 50),
(216, 'CALC', 20),
(216, 'CARB', 12),
(216, 'FIB', 4),
(216, 'NA', 42),
(216, 'POT', 230),
(216, 'PRO', 1),
(216, 'SUG', 6),
(216, 'VITA', 10191),
(216, 'VITC', 7),
(217, 'CAL', 16),
(217, 'CALC', 3),
(217, 'CARB', 3),
(217, 'FIB', 2),
(217, 'NA', 32),
(217, 'POT', 104),
(217, 'PRO', 1),
(217, 'SUG', 2),
(217, 'VITA', 494),
(217, 'VITC', 3),
(218, 'CAL', 4),
(218, 'CALC', 15),
(218, 'CARB', 1),
(218, 'NA', 1),
(218, 'POT', 12),
(219, 'CAL', 678),
(219, 'CALC', 37),
(219, 'CARB', 115),
(219, 'FAT', 1),
(219, 'FE', 7),
(219, 'FIB', 58),
(219, 'MUFAT', 1),
(219, 'NA', 8),
(219, 'POT', 955),
(219, 'PRO', 48),
(219, 'PUFAT', 3),
(219, 'SUG', 4),
(219, 'VITC', 6),
(220, 'CAL', 90),
(220, 'CALC', 102),
(220, 'CARB', 20),
(220, 'FE', 1),
(220, 'FIB', 4),
(220, 'NA', 290),
(220, 'POT', 510),
(220, 'PRO', 5),
(220, 'SUG', 10),
(220, 'VITA', 2040),
(220, 'VITC', 16),
(221, 'CAL', 3),
(221, 'CALC', 1),
(221, 'CARB', 1),
(221, 'NA', 942),
(221, 'POT', 15),
(222, 'CAL', 6),
(222, 'CALC', 6),
(222, 'CARB', 1),
(222, 'NA', 1),
(222, 'POT', 16),
(222, 'VITA', 1644),
(222, 'VITC', 1),
(223, 'CAL', 220),
(223, 'CALC', 3),
(223, 'CARB', 43),
(223, 'FAT', 1),
(223, 'FE', 2),
(223, 'FIB', 2),
(223, 'NA', 1),
(223, 'POT', 68),
(223, 'PRO', 8),
(223, 'SUG', 2),
(224, 'CAL', 1),
(224, 'CALC', 2),
(224, 'CARB', 0),
(224, 'NA', 1),
(224, 'POT', 12),
(224, 'VITA', 4216),
(224, 'VITC', 5),
(225, 'CAL', 22),
(225, 'CALC', 21),
(225, 'CARB', 0),
(225, 'CHOL', 5),
(225, 'FE', 1),
(225, 'MUFAT', 1),
(225, 'NA', 76),
(225, 'POT', 20),
(225, 'PRO', 2),
(225, 'VITA', 63),
(226, 'CAL', 119),
(226, 'CALC', 1),
(226, 'CARB', 0),
(226, 'FAT', 14),
(226, 'MUFAT', 10),
(226, 'POT', 2),
(226, 'PUFAT', 1),
(227, 'CAL', 64),
(227, 'CALC', 23),
(227, 'CARB', 15),
(227, 'FIB', 2),
(227, 'NA', 4),
(227, 'POT', 146),
(227, 'PRO', 2),
(227, 'SUG', 6),
(227, 'VITC', 12),
(228, 'CAL', 46),
(228, 'CALC', 10),
(228, 'CARB', 11),
(228, 'FE', 1),
(228, 'FIB', 4),
(228, 'NA', 2),
(228, 'POT', 162),
(228, 'PRO', 2),
(228, 'SUG', 5),
(228, 'VITC', 152),
(229, 'CAL', 4),
(229, 'CALC', 15),
(229, 'CARB', 1),
(229, 'NA', 1),
(229, 'POT', 12),
(230, 'CAL', 776),
(230, 'CALC', 1),
(230, 'CARB', 0),
(230, 'CHOL', 243),
(230, 'FAT', 71),
(230, 'FE', 3),
(230, 'MUFAT', 34),
(230, 'NA', 222),
(230, 'POT', 921),
(230, 'PRO', 101),
(230, 'PUFAT', 15),
(230, 'SATFAT', 4),
(231, 'CAL', 32),
(231, 'CALC', 18),
(231, 'CARB', 7),
(231, 'FE', 1),
(231, 'FIB', 2),
(231, 'NA', 7),
(231, 'POT', 427),
(231, 'PRO', 2),
(231, 'SUG', 5),
(231, 'VITA', 767),
(231, 'VITC', 21),
(232, 'CAL', 139),
(232, 'CALC', 2),
(232, 'CARB', 28),
(232, 'FE', 1),
(232, 'FIB', 8),
(232, 'NA', 2438),
(232, 'POT', 833),
(232, 'PRO', 4),
(232, 'SUG', 17),
(232, 'VITA', 1316),
(232, 'VITC', 42),
(233, 'CAL', 101),
(233, 'CALC', 2),
(233, 'CARB', 3),
(233, 'FAT', 11),
(233, 'FE', 1),
(233, 'FIB', 4),
(233, 'NA', 735),
(233, 'POT', 34),
(233, 'PRO', 1),
(233, 'PUFAT', 1),
(234, 'CAL', 434),
(234, 'CALC', 4),
(234, 'CARB', 115),
(234, 'FE', 2),
(234, 'FIB', 5),
(234, 'NA', 86),
(234, 'POT', 3),
(234, 'PRO', 11),
(234, 'SATFAT', 322),
(234, 'VITC', 3),
(235, 'CAL', 8),
(235, 'CALC', 33),
(235, 'CARB', 1),
(235, 'FIB', 1),
(235, 'NA', 1),
(235, 'POT', 22),
(236, 'CAL', 6),
(236, 'CALC', 9),
(236, 'CARB', 1),
(236, 'NA', 1),
(236, 'POT', 20),
(236, 'VITA', 302),
(236, 'VITC', 1),
(237, 'CAL', 5),
(237, 'CALC', 16),
(237, 'CARB', 1),
(237, 'NA', 1),
(237, 'POT', 11),
(237, 'VITC', 2),
(238, 'CAL', 6),
(238, 'CALC', 8),
(238, 'CARB', 2),
(238, 'NA', 1),
(238, 'POT', 14),
(238, 'VITA', 2081),
(238, 'VITC', 1),
(239, 'CAL', 6),
(239, 'CALC', 27),
(239, 'CARB', 1),
(239, 'NA', 1),
(239, 'POT', 13),
(240, 'CAL', 0),
(240, 'CALC', 0),
(240, 'CARB', 0),
(241, 'CAL', 6),
(241, 'CALC', 3),
(241, 'CARB', 1),
(241, 'NA', 1),
(241, 'POT', 23),
(241, 'VITA', 8),
(241, 'VITC', 8),
(242, 'CAL', 206),
(242, 'CALC', 1),
(242, 'CARB', 45),
(242, 'FE', 2),
(242, 'FIB', 1),
(242, 'NA', 1),
(242, 'POT', 35),
(242, 'PRO', 4),
(243, 'CAL', 1),
(243, 'CALC', 2),
(243, 'CARB', 0),
(243, 'NA', 1),
(243, 'POT', 12),
(243, 'VITA', 4216),
(243, 'VITC', 5),
(244, 'CAL', 678),
(244, 'CALC', 36),
(244, 'CARB', 115),
(244, 'FAT', 1),
(244, 'FE', 7),
(244, 'FIB', 58),
(244, 'MUFAT', 1),
(244, 'NA', 8),
(244, 'POT', 955),
(244, 'PRO', 48),
(244, 'PUFAT', 3),
(244, 'SUG', 4),
(244, 'VITC', 6),
(245, 'CAL', 32),
(245, 'CALC', 18),
(245, 'CARB', 7),
(245, 'FE', 1),
(245, 'FIB', 2),
(245, 'NA', 7),
(245, 'POT', 427),
(245, 'PRO', 2),
(245, 'SUG', 5),
(245, 'VITA', 767),
(245, 'VITC', 21),
(246, 'CAL', 16),
(246, 'CALC', 10),
(246, 'CARB', 4),
(246, 'FIB', 1),
(246, 'NA', 2),
(246, 'POT', 76),
(246, 'PRO', 1),
(246, 'SUG', 2),
(246, 'VITA', 105),
(246, 'VITC', 3),
(247, 'CAL', 67),
(247, 'CALC', 10),
(247, 'CARB', 16),
(247, 'FIB', 1),
(247, 'NA', 4),
(247, 'POT', 94),
(247, 'PRO', 2),
(247, 'SUG', 7),
(247, 'VITA', 57),
(247, 'VITC', 10),
(248, 'CAL', 396),
(248, 'CALC', 287),
(248, 'CARB', 4),
(248, 'CHOL', 150),
(248, 'FAT', 32),
(248, 'MUFAT', 22),
(248, 'NA', 1116),
(248, 'POT', 100),
(248, 'PRO', 21),
(248, 'PUFAT', 1),
(248, 'SATFAT', 14),
(248, 'SUG', 3),
(248, 'VITA', 375),
(249, 'CAL', 11),
(249, 'CALC', 17),
(249, 'CARB', 2),
(249, 'FIB', 1),
(249, 'NA', 4),
(249, 'POT', 203),
(249, 'PRO', 1),
(249, 'VITA', 4216),
(249, 'VITC', 5),
(250, 'CAL', 119),
(250, 'CALC', 1),
(250, 'CARB', 0),
(250, 'FAT', 14),
(250, 'MUFAT', 10),
(250, 'POT', 2),
(250, 'PUFAT', 1),
(251, 'CAL', 4),
(251, 'CALC', 1),
(251, 'CARB', 1),
(251, 'NA', 1),
(251, 'POT', 12),
(252, 'CAL', 8),
(252, 'CALC', 1),
(252, 'CARB', 0),
(252, 'NA', 1),
(252, 'POT', 1),
(253, 'CAL', 4),
(253, 'CALC', 15),
(253, 'CARB', 1),
(253, 'NA', 1),
(253, 'POT', 12),
(254, 'CAL', 5),
(254, 'CALC', 16),
(254, 'CARB', 1),
(254, 'NA', 1),
(254, 'POT', 11),
(254, 'VITC', 2),
(255, 'CAL', 0),
(255, 'CALC', 0),
(255, 'CARB', 0),
(256, 'CAL', 6),
(256, 'CALC', 3),
(256, 'CARB', 1),
(256, 'NA', 1),
(256, 'POT', 23),
(256, 'VITA', 8),
(256, 'VITC', 8),
(257, 'CAL', 350),
(257, 'CALC', 120),
(257, 'CARB', 64),
(257, 'CHOL', 25),
(257, 'FAT', 3),
(257, 'FE', 10),
(257, 'FIB', 4),
(257, 'MUFAT', 1),
(257, 'NA', 780),
(257, 'POT', 100),
(257, 'PRO', 15),
(257, 'PUFAT', 2),
(257, 'SATFAT', 2),
(257, 'SUG', 3),
(258, 'CAL', 27),
(258, 'CALC', 9),
(258, 'CARB', 6),
(258, 'FE', 1),
(258, 'FIB', 1),
(258, 'NA', 4),
(258, 'POT', 231),
(258, 'PRO', 1),
(258, 'SUG', 4),
(258, 'VITA', 2026),
(258, 'VITC', 12),
(259, 'CAL', 7),
(259, 'CALC', 30),
(259, 'CARB', 1),
(259, 'FIB', 1),
(259, 'NA', 24),
(259, 'POT', 167),
(259, 'PRO', 1),
(259, 'VITA', 2813),
(259, 'VITC', 14),
(260, 'CAL', 16),
(260, 'CALC', 10),
(260, 'CARB', 4),
(260, 'FIB', 1),
(260, 'NA', 2),
(260, 'POT', 56),
(260, 'SUG', 2),
(260, 'VITA', 60),
(260, 'VITC', 4),
(261, 'CAL', 119),
(261, 'CALC', 1),
(261, 'CARB', 0),
(261, 'FAT', 14),
(261, 'MUFAT', 10),
(261, 'POT', 2),
(261, 'PUFAT', 1),
(262, 'CAL', 4),
(262, 'CALC', 1),
(262, 'CARB', 1),
(262, 'NA', 1),
(262, 'POT', 12),
(263, 'CAL', 4),
(263, 'CALC', 15),
(263, 'CARB', 1),
(263, 'NA', 1),
(263, 'POT', 12),
(264, 'CAL', 0),
(264, 'CALC', 0),
(264, 'CARB', 0),
(265, 'CAL', 6),
(265, 'CALC', 3),
(265, 'CARB', 1),
(265, 'NA', 1),
(265, 'POT', 23),
(265, 'VITA', 8),
(265, 'VITC', 8),
(266, 'CAL', 130),
(266, 'CALC', 12),
(266, 'CARB', 0),
(266, 'CHOL', 65),
(266, 'FAT', 2),
(266, 'NA', 75),
(266, 'PRO', 28),
(267, 'CAL', 20),
(267, 'CALC', 10),
(267, 'CARB', 4),
(267, 'FE', 1),
(267, 'FIB', 1),
(267, 'NA', 5),
(267, 'POT', 254),
(267, 'PRO', 2),
(267, 'SUG', 2),
(267, 'VITA', 481),
(267, 'VITC', 35),
(268, 'CAL', 119),
(268, 'CALC', 1),
(268, 'CARB', 0),
(268, 'FAT', 14),
(268, 'MUFAT', 10),
(268, 'POT', 2),
(268, 'PUFAT', 1),
(269, 'CAL', 0),
(269, 'CALC', 0),
(269, 'CARB', 0),
(270, 'CAL', 6),
(270, 'CALC', 3),
(270, 'CARB', 1),
(270, 'NA', 1),
(270, 'POT', 23),
(270, 'VITA', 8),
(270, 'VITC', 8),
(271, 'CAL', 5),
(271, 'CALC', 0),
(271, 'CARB', 1),
(272, 'CAL', 200),
(272, 'CALC', 5),
(272, 'CARB', 40),
(272, 'FAT', 1),
(272, 'FE', 1),
(272, 'FIB', 2),
(272, 'POT', 40),
(272, 'PRO', 7),
(273, 'CAL', 22),
(273, 'CALC', 2),
(273, 'CARB', 5),
(273, 'FIB', 1),
(273, 'NA', 6),
(273, 'POT', 218),
(273, 'PRO', 1),
(273, 'SUG', 3),
(273, 'VITC', 20),
(274, 'CAL', 8),
(274, 'CALC', 3),
(274, 'CARB', 2),
(274, 'NA', 1),
(274, 'POT', 76),
(274, 'SUG', 1),
(274, 'VITA', 1),
(274, 'VITC', 2),
(275, 'CAL', 12),
(275, 'CALC', 7),
(275, 'CARB', 3),
(275, 'FIB', 1),
(275, 'NA', 2),
(275, 'POT', 106),
(275, 'SUG', 1),
(275, 'VITA', 36),
(275, 'VITC', 152),
(276, 'CAL', 37),
(276, 'CALC', 1),
(276, 'CARB', 2),
(276, 'FAT', 4),
(276, 'NA', 285),
(276, 'POT', 8),
(277, 'CAL', 119),
(277, 'CALC', 1),
(277, 'CARB', 0),
(277, 'FAT', 14),
(277, 'MUFAT', 10),
(277, 'POT', 2),
(277, 'PUFAT', 1),
(278, 'CAL', 3),
(278, 'CALC', 0),
(278, 'CARB', 0),
(278, 'NA', 1),
(279, 'CAL', 5),
(279, 'CALC', 0),
(279, 'CARB', 0),
(279, 'NA', 60),
(279, 'POT', 10),
(281, 'CAL', 0),
(281, 'CALC', 0),
(281, 'CARB', 0),
(282, 'CAL', 6),
(282, 'CALC', 3),
(282, 'CARB', 1),
(282, 'NA', 1),
(282, 'POT', 23),
(282, 'VITA', 8),
(282, 'VITC', 8),
(283, 'CAL', 1),
(283, 'CALC', 5),
(283, 'CARB', 0),
(283, 'NA', 1),
(283, 'POT', 39),
(283, 'VITC', 1),
(284, 'CAL', 220),
(284, 'CALC', 6),
(284, 'CARB', 0),
(284, 'CHOL', 30),
(284, 'FAT', 10),
(284, 'MUFAT', 2),
(284, 'NA', 200),
(284, 'PRO', 33),
(284, 'SATFAT', 2),
(285, 'CAL', 680),
(285, 'CALC', 3),
(285, 'CARB', 0),
(285, 'CHOL', 95),
(285, 'FAT', 76),
(285, 'MUFAT', 12),
(285, 'NA', 600),
(285, 'POT', 10),
(285, 'PUFAT', 20),
(285, 'SATFAT', 10),
(286, 'CAL', 6),
(286, 'CALC', 4),
(286, 'CARB', 1),
(286, 'FIB', 1),
(286, 'NA', 88),
(286, 'POT', 104),
(286, 'SUG', 1),
(286, 'VITA', 6),
(286, 'VITC', 3),
(287, 'CAL', 64),
(287, 'CALC', 3),
(287, 'CARB', 15),
(287, 'FIB', 2),
(287, 'NA', 4),
(287, 'POT', 157),
(287, 'PRO', 2),
(287, 'SUG', 7),
(288, 'CAL', 45),
(288, 'CALC', 3),
(288, 'CARB', 10),
(288, 'FIB', 2),
(288, 'NA', 88),
(288, 'POT', 230),
(288, 'PRO', 1),
(288, 'SUG', 5),
(288, 'VITA', 11070),
(288, 'VITC', 7),
(289, 'CAL', 220),
(289, 'CALC', 3),
(289, 'CARB', 38),
(289, 'FAT', 2),
(289, 'FIB', 2),
(289, 'MUFAT', 1),
(289, 'POT', 10),
(289, 'PRO', 4),
(289, 'SUG', 1),
(290, 'CAL', 680),
(290, 'CALC', 3),
(290, 'CARB', 0),
(290, 'CHOL', 95),
(290, 'FAT', 76),
(290, 'MUFAT', 12),
(290, 'PRO', 600),
(290, 'PUFAT', 20),
(290, 'SATFAT', 10),
(291, 'CAL', 50),
(291, 'CALC', 0),
(291, 'CARB', 13),
(291, 'NA', 200),
(291, 'SUG', 12),
(292, 'CAL', 5),
(292, 'CALC', 0),
(292, 'CARB', 1),
(292, 'PRO', 10),
(292, 'SUG', 1),
(293, 'CAL', 84),
(293, 'CALC', 6),
(293, 'CARB', 0),
(293, 'CHOL', 182),
(293, 'FAT', 2),
(293, 'NA', 145),
(293, 'PRO', 18),
(294, 'CAL', 120),
(294, 'CALC', 0),
(294, 'CARB', 0),
(294, 'FAT', 14),
(294, 'MUFAT', 10),
(294, 'PUFAT', 2),
(295, 'CAL', 10),
(295, 'CALC', 3),
(295, 'CARB', 2),
(295, 'FIB', 1),
(295, 'NA', 10),
(295, 'POT', 93),
(295, 'PRO', 1),
(295, 'SUG', 1),
(295, 'VITA', 3533),
(295, 'VITC', 40),
(296, 'CAL', 8),
(296, 'CALC', 2),
(296, 'CARB', 2),
(296, 'NA', 1),
(296, 'POT', 76),
(296, 'SUG', 1),
(296, 'VITA', 2),
(296, 'VITC', 3),
(297, 'CAL', 45),
(297, 'CALC', 3),
(297, 'CARB', 10),
(297, 'FIB', 2),
(297, 'NA', 88),
(297, 'POT', 230),
(297, 'PRO', 1),
(297, 'SUG', 5),
(297, 'VITA', 11070),
(297, 'VITC', 7),
(298, 'CAL', 32),
(298, 'CALC', 5),
(298, 'CARB', 7),
(298, 'FIB', 2),
(298, 'NA', 16),
(298, 'POT', 146),
(298, 'PRO', 2),
(298, 'SUG', 2),
(298, 'VITA', 25),
(298, 'VITC', 20),
(299, 'CAL', 260),
(299, 'CALC', 4),
(299, 'CARB', 0),
(299, 'CHOL', 130),
(299, 'FAT', 18),
(299, 'MUFAT', 4),
(299, 'NA', 65),
(299, 'PRO', 29),
(299, 'PUFAT', 2),
(299, 'SATFAT', 7),
(300, 'CAL', 119),
(300, 'CALC', 1),
(300, 'CARB', 0),
(300, 'FAT', 14),
(300, 'MUFAT', 10),
(300, 'POT', 2),
(300, 'PUFAT', 1),
(301, 'CAL', 4),
(301, 'CALC', 2),
(301, 'CARB', 1),
(301, 'NA', 1),
(301, 'POT', 12),
(302, 'CAL', 0),
(302, 'CALC', 0),
(302, 'CARB', 0),
(303, 'CAL', 6),
(303, 'CALC', 3),
(303, 'CARB', 1),
(303, 'NA', 1),
(303, 'POT', 23),
(303, 'VITA', 8),
(303, 'VITC', 8),
(304, 'CAL', 5),
(304, 'CALC', 0),
(304, 'CARB', 1),
(305, 'CAL', 80),
(305, 'CALC', 2),
(305, 'CARB', 11),
(305, 'FAT', 3),
(305, 'FE', 1),
(305, 'FIB', 2),
(305, 'NA', 420),
(305, 'POT', 330),
(305, 'PRO', 2),
(305, 'SUG', 7),
(305, 'VITA', 1250),
(305, 'VITC', 20),
(306, 'CAL', 200),
(306, 'CALC', 2),
(306, 'CARB', 42),
(306, 'FAT', 1),
(306, 'FE', 2),
(306, 'FIB', 2),
(306, 'PRO', 7),
(307, 'CAL', 250),
(307, 'CALC', 1),
(307, 'CARB', 0),
(307, 'CHOL', 85),
(307, 'FAT', 17),
(307, 'MUFAT', 7),
(307, 'NA', 60),
(307, 'PRO', 25),
(307, 'SATFAT', 8),
(308, 'CAL', 31),
(308, 'CALC', 10),
(308, 'CARB', 7),
(308, 'FE', 1),
(308, 'FIB', 3),
(308, 'NA', 6),
(308, 'POT', 259),
(308, 'PRO', 2),
(308, 'SUG', 3),
(308, 'VITA', 690),
(308, 'VITC', 16),
(309, 'CAL', 45),
(309, 'CALC', 2),
(309, 'CARB', 11),
(309, 'FIB', 2),
(309, 'NA', 4),
(309, 'POT', 4),
(309, 'PRO', 2),
(309, 'SUG', 9),
(309, 'VITA', 30),
(309, 'VITC', 11),
(310, 'CAL', 8),
(310, 'CALC', 2),
(310, 'CARB', 1),
(310, 'NA', 920),
(310, 'POT', 138),
(310, 'PRO', 1),
(310, 'VITA', 60),
(311, 'CAL', 120),
(311, 'CALC', 0),
(311, 'CARB', 0),
(311, 'FAT', 14),
(311, 'MUFAT', 2),
(311, 'PUFAT', 7),
(311, 'SATFAT', 2),
(312, 'CAL', 30),
(312, 'CALC', 0),
(312, 'CARB', 7),
(313, 'CAL', 0),
(313, 'CALC', 0),
(313, 'CARB', 0),
(314, 'CAL', 6),
(314, 'CALC', 3),
(314, 'CARB', 1),
(314, 'NA', 1),
(314, 'POT', 23),
(314, 'VITA', 8),
(314, 'VITC', 8),
(315, 'CAL', 165),
(315, 'CALC', 0),
(315, 'CARB', 0),
(315, 'CHOL', 85),
(315, 'FAT', 4),
(315, 'MUFAT', 1),
(315, 'NA', 31),
(315, 'PRO', 220),
(315, 'SATFAT', 1),
(315, 'SUG', 75),
(316, 'CAL', 25),
(316, 'CALC', 2),
(316, 'CARB', 5),
(316, 'FE', 1),
(316, 'FIB', 2),
(316, 'NA', 5),
(316, 'POT', 190),
(316, 'PRO', 1),
(316, 'SUG', 3),
(316, 'VITA', 448),
(316, 'VITC', 152),
(317, 'CAL', 45),
(317, 'CALC', 2),
(317, 'CARB', 11),
(317, 'FIB', 2),
(317, 'NA', 2),
(317, 'PRO', 4),
(317, 'SUG', 4),
(317, 'VITA', 9),
(317, 'VITC', 30),
(318, 'CAL', 119),
(318, 'CALC', 1),
(318, 'CARB', 0),
(318, 'FAT', 14),
(318, 'MUFAT', 10),
(318, 'POT', 2),
(318, 'PUFAT', 1),
(319, 'CAL', 8),
(319, 'CALC', 1),
(319, 'CARB', 2),
(319, 'FE', 1),
(319, 'FIB', 1),
(319, 'NA', 135),
(319, 'VITA', 2950),
(319, 'VITC', 2),
(320, 'CAL', 8),
(320, 'CALC', 1),
(320, 'CARB', 1),
(320, 'FIB', 1),
(320, 'NA', 10),
(320, 'VITA', 400),
(320, 'VITC', 1),
(321, 'CAL', 10),
(321, 'CALC', 0),
(321, 'CARB', 2),
(322, 'CAL', 0),
(322, 'CALC', 0),
(322, 'CARB', 0),
(323, 'CAL', 6),
(323, 'CALC', 3),
(323, 'CARB', 1),
(323, 'NA', 1),
(323, 'POT', 23),
(323, 'VITA', 8),
(323, 'VITC', 8),
(324, 'CAL', 70),
(324, 'CALC', 2),
(324, 'CARB', 12),
(324, 'FAT', 1),
(324, 'FE', 1),
(324, 'FIB', 1),
(324, 'NA', 2),
(324, 'PRO', 40),
(324, 'SUG', 220),
(375, 'CAL', 24),
(375, 'CALC', 24),
(376, 'CAL', 24),
(376, 'CALC', 24);

-- --------------------------------------------------------

--
-- Table structure for table `nutrition_types`
--

CREATE TABLE `nutrition_types` (
  `id` varchar(10) CHARACTER SET utf8mb4 COLLATE utf8mb4_0900_ai_ci NOT NULL,
  `detail` varchar(255) CHARACTER SET utf8mb4 COLLATE utf8mb4_0900_ai_ci NOT NULL
) ENGINE=InnoDB DEFAULT CHARSET=utf8mb4 COLLATE=utf8mb4_0900_ai_ci;

--
-- Dumping data for table `nutrition_types`
--

INSERT INTO `nutrition_types` (`id`, `detail`) VALUES
('CAL', 'Calories'),
('CALC', 'Calcium'),
('CARB', 'Carbohydrates'),
('CHOL', 'Cholesterol'),
('FAT', 'Fat'),
('FE', 'Iron'),
('FIB', 'Fiber'),
('MUFAT', 'Monounsaturated Fat'),
('NA', 'Sodium'),
('POT', 'Potassium'),
('PRO', 'Protein'),
('PUFAT', 'Polyunsaturated Fat'),
('SATFAT', 'Saturated Fat'),
('SUG', 'Sugar'),
('VITA', 'Vitamin A'),
('VITC', 'Vitamin C');

-- --------------------------------------------------------

--
-- Table structure for table `recipes`
--

CREATE TABLE `recipes` (
  `user_id` int NOT NULL,
  `recipe_id` int NOT NULL,
  `isActive` tinyint(1) DEFAULT '1',
  `name` varchar(255) CHARACTER SET utf8mb4 COLLATE utf8mb4_unicode_ci NOT NULL,
  `description` text CHARACTER SET utf8mb4 COLLATE utf8mb4_unicode_ci,
  `image_url` varchar(255) CHARACTER SET utf8mb4 COLLATE utf8mb4_general_ci NOT NULL,
  `preparation_time` int DEFAULT NULL,
  `cooking_time` int DEFAULT NULL,
  `directions` text CHARACTER SET utf8mb4 COLLATE utf8mb4_unicode_ci NOT NULL,
  `course` int NOT NULL,
  `meal` int NOT NULL,
  `method` int NOT NULL,
  `timestamp` timestamp NULL DEFAULT CURRENT_TIMESTAMP
) ENGINE=InnoDB DEFAULT CHARSET=utf8mb4 COLLATE=utf8mb4_general_ci;

--
-- Dumping data for table `recipes`
--

INSERT INTO `recipes` (`user_id`, `recipe_id`, `isActive`, `name`, `description`, `image_url`, `preparation_time`, `cooking_time`, `directions`, `course`, `meal`, `method`, `timestamp`) VALUES
(1, 1, 1, 'Chicken Stir Fry', 'Delicious chicken stir fry with mixed vegetab', 'huyzh3gb.png', 15, 20, '1. Marinate chicken with soy sauce and cornstarch.\n2. Stir fry chicken until cooked.\n3. Add mixed vegetables and stir fry until tender.\n4. Serve hot with rice.', 1, 1, 1, '2024-03-21 09:16:24'),
(1, 2, 1, 'Cucumber and Shrimp Aguachile', ' Delicious chicken stir fry with mixed vegetabw', '07thgnst.jpg', 15, 10, '1. Clean and devein shrimp.\r\n2. Slice cucumbers thinly.\r\n3. Mix shrimp, cucumber slices, lime juice, and chili peppers in a bowl.\r\n4. Let marinate in the refrigerator for 15 minutes.\r\n5. Serve chilled.', 2, 2, 3, '2024-03-21 09:16:24'),
(3, 3, 1, 'chieck', 'taodeptrai', '07thgnst.jpg', 43, 24, '1. Clean and devein shrimp.\n2. Slice cucumbers thinly.\n3. Mix shrimp, cucumber slices, lime juice, and chili peppers in a bowl.\n4. Let marinate in the refrigerator for 15 minutes.\n5. Serve chilled.', 2, 1, 6, '2024-03-21 10:07:19'),
(1, 4, 1, 'Baba Ganoush', 'Roasted eggplant mash with tahini, lemon juice, olive oil, and garlic.', 'yzpvtzq8.png', 30, 15, '1. Roast eggplant in the oven until tender and blackened.\n2. Scoop out the flesh and mash it with tahini, lemon juice, olive oil, and garlic.\n3. Season with salt and pepper to taste.\n4. Serve with pita bread or vegetables.', 1, 1, 7, '2024-03-21 09:16:24'),
(1, 5, 1, 'Crispy Cajun Pickle Chips', 'Delicious crispy Cajun-flavored pickle chips, perfect as a snack or side dish.', '09aa3u2j.jpg', 10, 20, '1. Preheat the oven to 400°F (200°C).\n2. Slice the pickles into thin chips.\n3. In a bowl, mix flour, Cajun seasoning, and breadcrumbs.\n4. Dip pickle chips in beaten egg, then coat with breadcrumb mixture.\n5. Place coated pickle chips on a baking sheet.\n6. Bake in the preheated oven until golden brown and crispy, about 15-20 minutes.\n7. Serve hot and enjoy!', 3, 3, 4, '2024-03-21 09:16:24'),
(1, 6, 1, 'Black Bean and Corn Salad', 'A refreshing salad featuring black beans and sweet corn, perfect for a healthy side dish or light meal.', '7volhb7v.jpg', 15, 24, '1. In a large bowl, combine black beans, corn, diced tomatoes, diced red onion, chopped cilantro, and avocado.\n2. In a small bowl, whisk together olive oil, lime juice, minced garlic, cumin, salt, and pepper to make the dressing.\n3. Pour the dressing over the salad ingredients and toss gently to coat.\n4. Chill the salad in the refrigerator for at least 30 minutes before serving.\n5. Serve cold and enjoy!', 3, 2, 3, '2024-03-21 09:16:24'),
(1, 7, 1, 'Salmon Patties', 'Delicious and flavorful salmon patties, perfect for a light meal or appetizer.', '4cm7v3yn.png', 15, 15, '1. Drain and flake the canned salmon.\n2. In a mixing bowl, combine flaked salmon, beaten eggs, breadcrumbs, diced onion, chopped parsley, lemon juice, Dijon mustard, salt, and pepper.\n3. Mix well until thoroughly combined.\n4. Form the mixture into patties of desired size.\n5. Heat oil in a skillet over medium heat.\n6. Fry the salmon patties until golden brown and cooked through, about 3-4 minutes per side.\n7. Remove from the skillet and drain on paper towels.\n8. Serve hot with your favorite dipping sauce or side dishes.', 1, 3, 4, '2024-03-21 09:16:24'),
(4, 8, 1, 'Homemade Ratatouille', 'This delicious summer vegetable stew is truly something. If you love fresh vegetables, grab them from your farmer’s market and plan on making this best ratatouille recipe ASAP. It’s rich and satisfying, yet wonderfully healthy. Be sure to pick up French bread to go with this iconic French dish!', '4cm7v3yn.png', 14, 24, '1. Drain and flake the canned salmon.\n2. In a mixing bowl, combine flaked salmon, beaten eggs, breadcrumbs, diced onion, chopped parsley, lemon juice, Dijon mustard, salt, and pepper.\n3. Mix well until thoroughly combined.\n4. Form the mixture into patties of desired size.\n5. Heat oil in a skillet over medium heat.\n6. Fry the salmon patties until golden brown and cooked through, about 3-4 minutes per side.\n7. Remove from the skillet and drain on paper towels.\n8. Serve hot with your favorite dipping sauce or side dishes.', 1, 2, 7, '2024-03-21 10:09:07'),
(1, 9, 1, 'Egg Salad', 'A simple and tasty egg salad, perfect for sandwiches or as a side dish.', 'ojyw9t2p.jpg', 10, 10, '1. Boil the eggs until hard-cooked, then peel and chop them.\n2. In a mixing bowl, combine the chopped eggs, mayonnaise, mustard, diced celery, chopped chives, salt, and pepper.\n3. Mix well until all ingredients are evenly distributed.\n4. Refrigerate the egg salad for at least 30 minutes before serving to allow the flavors to meld.\n5. Serve as a sandwich filling, on crackers, or as a side dish. Enjoy!', 3, 1, 1, '2024-03-21 09:16:24'),
(2, 10, 1, 'The Perfect Medium Steak Recipe', 'My family loves it when I make their steaks medium. They come out just right and if you blindfolded us, we’d never believe we were eating steaks cooked at home. This is how you make steak if you want it to taste like those big steakhouses do it!', 'waifu_jasmin.jpg', 21, 42, 'After patting your steaks dry, season them with the salt and pepper on both sides. Heat your cast iron skillet with your oil over medium-high, then pop the steaks in when the oil is hot. Sear for 3 to 4 minutes per side and don’t forget the edges (about a minute on those). Turn heat down to medium and add the butter, herbs, and garlic, spooning that sauce over the steaks until the internal temperature is 135F. Remove from heat and cover for 10 minutes to let them rest and arrive at a perfect medium steak temperature of 145F.', 1, 4, 2, '2024-03-21 10:14:58'),
(1, 11, 1, 'Triangles with Potato and Beef', 'Delicious triangles filled with a savory mixture of potatoes and beef, perfect as a snack or appetizer.', '3z66ao3w.jpg', 30, 40, '1. Boil the potatoes until tender, then mash them.\n2. In a skillet, cook the ground beef until browned. Drain excess fat.\n3. Add onion, garlic, and spices to the skillet with the beef. Cook until onion is softened.\n4. Combine the mashed potatoes with the cooked beef mixture.\n5. Lay out the phyllo pastry sheets and cut them into triangles.\n6. Place a spoonful of the potato and beef mixture onto each triangle.\n7. Fold the pastry over the filling to form a triangle shape.\n8. Brush the triangles with melted butter.\n9. Bake in a preheated oven at 375°F (190°C) until golden brown, about 20-25 minutes.\n10. Serve hot and enjoy!', 2, 3, 7, '2024-03-21 09:16:24'),
(1, 12, 1, 'Cheese Sticks', 'Delicious crispy cheese sticks, perfect as an appetizer or snack.', 'd2gol6y5.jpg', 15, 20, '1. Preheat the oven to 375°F (190°C).\n2. Cut the cheese into sticks.\n3. In a bowl, whisk together breadcrumbs, grated Parmesan cheese, and Italian seasoning.\n4. Dip each cheese stick in beaten egg, then coat with breadcrumb mixture.\n5. Place coated cheese sticks on a baking sheet lined with parchment paper.\n6. Bake in the preheated oven until golden brown and crispy, about 15-20 minutes.\n7. Serve hot with marinara sauce for dipping, if desired.', 3, 2, 6, '2024-03-21 09:16:24'),
(1, 13, 1, 'Jalapeno Bites', 'Spicy jalapeno bites stuffed with cheese, perfect as an appetizer or snack.', 'sc6daczv.jpg', 20, 15, '1. Preheat the oven to 375°F (190°C).\n2. Cut jalapenos in half lengthwise and remove seeds.\n3. Fill each jalapeno half with cream cheese.\n4. Wrap each jalapeno with a slice of bacon.\n5. Place jalapeno bites on a baking sheet lined with parchment paper.\n6. Bake in the preheated oven until bacon is crispy and jalapenos are tender, about 15 minutes.\n7. Serve hot and enjoy!', 3, 1, 7, '2024-03-21 09:16:24'),
(1, 14, 1, 'Turkey Chili', 'Hearty and flavorful chili made with ground turkey, beans, and spices.', 'jthgyiwv.png', 15, 30, '1. Heat olive oil in a large pot over medium heat.\n2. Add diced onions and garlic, cook until softened.\n3. Add ground turkey, cook until browned.\n4. Stir in chili powder, cumin, and paprika.\n5. Add diced tomatoes, tomato sauce, and kidney beans.\n6. Season with salt and pepper to taste.\n7. Simmer for 20-25 minutes, stirring occasionally.\n8. Serve hot with your favorite toppings and enjoy!', 2, 2, 2, '2024-03-21 09:16:24'),
(1, 15, 1, 'Chicken Lettuce Cups', 'Delicious and light chicken lettuce cups filled with seasoned chicken, vegetables, and sauces.', 'tcoq4nha.png', 20, 15, '1. Heat olive oil in a pan over medium heat.\n2. Add minced chicken and cook until no longer pink.\n3. Stir in diced onions, carrots, and water chestnuts. Cook until vegetables are tender.\n4. Add soy sauce, hoisin sauce, and sesame oil. Stir to combine.\n5. Season with salt and pepper to taste.\n6. Spoon chicken mixture into lettuce leaves.\n7. Garnish with chopped green onions and serve.\n8. Enjoy!', 3, 3, 4, '2024-03-21 09:16:24'),
(1, 16, 1, 'Couscous Cranberry Orange Salad', 'A refreshing and colorful salad made with couscous, cranberries, oranges, and a citrus dressing.', 'zwgwp0gk.png', 15, 10, '1. Cook couscous according to package instructions. Let it cool.\n2. In a large bowl, combine cooked couscous, dried cranberries, orange segments, and chopped parsley.\n3. In a small bowl, whisk together olive oil, orange juice, lemon juice, honey, salt, and pepper to make the dressing.\n4. Pour the dressing over the salad and toss gently to combine.\n5. Chill in the refrigerator for at least 30 minutes before serving.\n6. Serve chilled and enjoy!', 2, 2, 2, '2024-03-21 09:16:24'),
(2, 17, 1, 'Classic Baklava Recipe', 'Baklava holds a special place in my heart for my husband and I traveled through Europe prior to kids and enjoyed this sweet and delicious dessert together. With crispy phyllo soaked in honey and an aroma that smells like heaven, this Baklava recipe is one of my favorite desserts to make the day before any gathering because it keeps well and impresses everyone.', 'tcoq4nha.png', 234, 24, '1. Heat olive oil in a large pot over medium heat.', 3, 2, 4, '2024-03-21 10:10:01'),
(1, 18, 1, 'Turkey Meatloaf', 'A healthier version of classic meatloaf made with lean ground turkey, breadcrumbs, and savory seasonings.', '4p4tb5jj.png', 15, 60, '1. Preheat the oven to 350°F (175°C). Grease a loaf pan.\n2. In a large bowl, mix together ground turkey, breadcrumbs, chopped onion, minced garlic, ketchup, Worcestershire sauce, egg, salt, and pepper until well combined.\n3. Transfer the mixture into the prepared loaf pan, and shape it into a loaf.\n4. Bake in the preheated oven for 45-50 minutes, or until the internal temperature reaches 165°F (75°C).\n5. Let the meatloaf rest for a few minutes before slicing.\n6. Serve slices of meatloaf with your favorite side dishes and enjoy!', 1, 2, 1, '2024-03-21 09:16:24'),
(1, 19, 1, 'The Best Traditional Chili Recipe', 'For the best chili recipe ever, you want something that takes easy-to-find ingredients and puts it all together in one pot. The recipe calls for stove top cooking though you could easily prep this and throw it in your slow cooker or instant pot to come home to after a long day. All you’ll need are some sides and you’ll be golden!', 'waifu_jasmin.jpg', 2, 42, 'Making homemade chili is quite simple. You’ll first need to cook the onions and garlic. Then you’ll add your beef and cook it through. You’ll finally add the peppers and seasonings, stirring it together to get that beautiful flavor together. There is nothing like a real homemade chili recipe to warm you up on a cold day.\r\n\r\nAfter that, you can choose to drain away fat or leave it in for a fuller flavor before adding in the rest of the ingredients and letting it simmer until you can’t stand salivating over the aroma any longer!', 2, 4, 4, '2024-03-21 10:12:36'),
(1, 20, 1, 'Chicken Salad', 'A refreshing salad made with cooked chicken, fresh vegetables, and a creamy dressing.', '3qbxni96.png', 15, 10, '1. In a large bowl, combine cooked chicken, diced celery, diced red onion, chopped fresh parsley, and halved grapes.\n2. In a separate small bowl, mix together mayonnaise, Greek yogurt, lemon juice, Dijon mustard, salt, and pepper to make the dressing.\n3. Pour the dressing over the chicken mixture and toss until well coated.\n4. Serve the chicken salad chilled over a bed of lettuce or in sandwiches, wraps, or on crackers.', 3, 2, 6, '2024-03-21 09:16:24'),
(1, 21, 1, 'Lentil Garbanzo Salad', 'A nutritious salad made with lentils, garbanzo beans, fresh vegetables, and a tangy vinaigrette dressing.', '406g4sbo.png', 20, 10, '1. In a large bowl, combine cooked lentils, drained and rinsed garbanzo beans, diced cucumber, diced red bell pepper, chopped fresh cilantro, and sliced green onions.\n2. In a separate small bowl, whisk together olive oil, lemon juice, Dijon mustard, minced garlic, salt, and pepper to make the dressing.\n3. Pour the dressing over the lentil mixture and toss until well coated.\n4. Serve the salad chilled or at room temperature.', 1, 3, 7, '2024-03-21 09:16:24'),
(1, 22, 1, 'Chickpea and Quinoa Salad', 'A nutritious and delicious salad made with chickpeas, quinoa, and fresh vegetables.', '1l44ovlv.png', 20, 15, '1. Cook quinoa according to package instructions and let it cool.\n2. In a large bowl, combine cooked quinoa, chickpeas, diced cucumber, cherry tomatoes, diced red onion, chopped parsley, and crumbled feta cheese.\n3. In a small bowl, whisk together olive oil, lemon juice, garlic, salt, and pepper to make the dressing.\n4. Pour the dressing over the salad and toss until well combined.\n5. Serve chilled or at room temperature and enjoy!', 2, 3, 3, '2024-03-21 09:16:24'),
(1, 23, 1, 'Cajun Shrimp Pasta', 'Spicy and flavorful pasta dish with Cajun-seasoned shrimp and vegetables.', '2mn2lz7t.png', 20, 20, '1. Cook pasta according to package instructions.\n2. In a large skillet, heat olive oil over medium heat.\n3. Add shrimp and Cajun seasoning, cook until shrimp are pink and cooked through.\n4. Remove shrimp from skillet and set aside.\n5. In the same skillet, add bell peppers, onions, and garlic, cook until softened.\n6. Stir in diced tomatoes, tomato sauce, and cooked pasta.\n7. Add cooked shrimp back to the skillet and toss everything together.\n8. Serve hot and garnish with chopped parsley if desired.', 2, 2, 2, '2024-03-21 09:16:24'),
(1, 24, 1, 'Ziti with Chicken and Asparagus', 'Delicious pasta dish with tender chicken, fresh asparagus, and ziti pasta.', '732bxaw4.png', 15, 25, '1. Cook pasta according to package instructions.\n2. In a large skillet, heat olive oil over medium heat.\n3. Add diced chicken breast, cook until browned and cooked through.\n4. Remove chicken from skillet and set aside.\n5. In the same skillet, add asparagus spears and cook until tender.\n6. Stir in cooked pasta, chicken, and Alfredo sauce.\n7. Season with salt and pepper to taste.\n8. Serve hot and garnish with grated Parmesan cheese if desired.', 1, 2, 1, '2024-03-21 09:16:24'),
(2, 25, 1, 'Homemade Lemon Curd Recipe', 'Lemon curd is delicious, no doubt about it. But making it yourself is better than anything you’ve ever had. Trust me here, once you make it, you’ll find any excuse to make it again and again!', 'waifu_jasmin.jpg', 22, 42, 'You want to place a saucepan of simmering water over medium/medium-low heat and put a heatproof bowl on top of that for a double-broiler effect. Put the egg yolks, sugar, lemon juice, zest, and salt into the heatproof bowl, whisking until thoroughly blended. Keep whisking constantly to keep the yolks from curdling, until the mixture thickens and is like hollandaise sauce in consistency, roughly 10 to 12 minutes. Then take it from the heat. Cut the butter into pieces and whisk it into your lemon curd, then pour it into a glass jar or bowl, add plastic wrap that touches the curd on top and let it cool completely before serving.', 3, 1, 7, '2024-03-21 10:12:36'),
(4, 26, 1, 'Classic New Orleans Gumbo Recipe', 'This is the best gumbo recipe because it’s made with wholesome ingredients. If you’ve ever bought those box kits to make a simple gumbo recipe at home, you can now toss the box and make it fresh yourself.', 'waifu_jasmin.jpg', 24, 15, 'I know the ingredient list looks a little daunting. I’ll admit, it’s long, however, you should have most of those ingredients in your pantry and fridge to begin with so it will all come together quite easily. It does take an hour to prepare but that’s mostly chopping and such. In the end, you get to put your feet up and enjoy the rest of your day off, soon to be better with a bowl full of shrimp and sausage gumbo!', 2, 2, 7, '2024-03-21 10:13:40'),
(1, 27, 1, 'Marinara Mac & Cheese', 'Creamy macaroni and cheese with marinara sauce.', 'xwhgnizp.png', 15, 30, '1. Cook macaroni according to package instructions. Drain and set aside.\n2. In a saucepan, melt butter over medium heat. Stir in flour until smooth. Gradually add milk, stirring constantly until thickened.\n3. Add shredded cheese and stir until melted and smooth.\n4. Mix in cooked macaroni until well coated.\n5. Serve hot topped with marinara sauce and enjoy!', 1, 2, 6, '2024-03-21 09:16:24'),
(1, 28, 1, 'Vegetable Salad with White Beans', 'A refreshing salad made with fresh vegetables and white beans, tossed in a tangy vinaigrette dressing.', 'yhzfq39e.png', 10, 10, '1. In a large mixing bowl, combine white beans, cherry tomatoes, sliced cucumber, diced red bell pepper, and sliced red onion.\n2. In a small bowl, whisk together olive oil, red wine vinegar, Dijon mustard, honey, and chopped fresh parsley to make the dressing.\n3. Pour the dressing over the salad ingredients and toss gently to coat.\n4. Season with salt and pepper to taste.\n5. Serve chilled.\n6. Enjoy!', 2, 2, 1, '2024-03-21 09:16:24'),
(1, 29, 1, 'Vegetarian Stuffed Peppers', 'Delicious vegetarian dish with bell peppers stuffed with a flavorful quinoa and vegetable mixture.', '7toae0nn.png', 10, 20, '1. Preheat the oven to 375°F (190°C).\n2. Cut the tops off the bell peppers and remove the seeds and membranes.\n3. In a large bowl, mix together cooked quinoa, black beans, corn kernels, and chopped cilantro.\n4. Stuff each bell pepper with the quinoa mixture.\n5. Place the stuffed peppers in a baking dish.\n6. Cover the baking dish with aluminum foil and bake for 25-30 minutes, or until the peppers are tender.\n7. Remove the foil and bake for an additional 5 minutes to brown the tops.\n8. Serve hot and enjoy!', 3, 2, 6, '2024-03-21 09:16:24'),
(1, 30, 1, 'Vegetarian Tacos', 'Delicious vegetarian tacos filled with black beans, corn, and bell peppers.', 'ij0zi3nq.png', 15, 20, '1. Heat olive oil in a skillet over medium heat.\n2. Add diced onions, bell peppers, and minced garlic. Cook until softened.\n3. Stir in black beans, corn, diced tomatoes, and taco seasoning. Cook for 5-7 minutes.\n4. Warm tortillas in a separate skillet.\n5. Spoon the bean mixture onto each tortilla.\n6. Top with shredded lettuce.\n7. Serve hot and enjoy!', 1, 1, 7, '2024-03-21 09:16:24'),
(1, 31, 1, 'Vegetarian Waldorf Salad', 'A refreshing and crunchy salad with apples, celery, walnuts, and a creamy dressing.', 'ol58rjg6.png', 15, 10, '1. In a large bowl, combine diced apples, sliced celery, chopped walnuts, and raisins.\n2. In a separate bowl, mix together Greek yogurt, honey, and lemon juice to make the dressing.\n3. Pour the dressing over the salad ingredients and toss until evenly coated.\n4. Serve chilled and enjoy!', 1, 1, 7, '2024-03-21 09:16:24'),
(1, 32, 1, 'Lentil Bolognese', 'A hearty and flavorful vegetarian version of the classic Bolognese sauce made with lentils and tomatoes.', '6mvjq4pk.png', 15, 30, '1. Heat olive oil in a large skillet over medium heat.\n2. Add diced onions, carrots, and celery. Cook until softened.\n3. Stir in minced garlic and cook for another minute.\n4. Add dried lentils, crushed tomatoes, vegetable broth, and Italian seasoning. Bring to a simmer.\n5. Cover and cook for about 20 minutes, or until lentils are tender.\n6. Serve over cooked pasta of your choice.\n7. Garnish with fresh parsley and grated Parmesan cheese if desired.\n8. Enjoy!', 3, 2, 7, '2024-03-21 09:16:24'),
(1, 33, 1, 'Picadillo', 'A traditional Latin American dish made with ground beef, tomatoes, and spices, often served with rice.', '2x1l3hjm.png', 15, 25, '1. Heat olive oil in a skillet over medium heat.\n2. Add diced onions, bell peppers, and minced garlic. Cook until softened.\n3. Add ground beef and cook until browned.\n4. Stir in diced tomatoes, tomato sauce, olives, raisins, and spices.\n5. Simmer for about 15 minutes, or until the flavors meld together.\n6. Serve hot with rice or as desired.\n7. Enjoy!', 3, 2, 5, '2024-03-21 09:16:24'),
(1, 34, 1, 'Mediterranean Lentil Salad', 'A refreshing and nutritious salad featuring lentils, tomatoes, cucumbers, and feta cheese, dressed with a tangy vinaigrette.', 'rjxi9tip.png', 20, 15, '1. Cook lentils according to package instructions. Drain and let cool.\n2. In a large mixing bowl, combine cooked lentils, diced tomatoes, diced cucumbers, chopped red onion, crumbled feta cheese, and chopped parsley.\n3. In a small bowl, whisk together olive oil, lemon juice, red wine vinegar, minced garlic, dried oregano, salt, and black pepper to make the dressing.\n4. Pour the dressing over the salad and toss gently to coat.\n5. Serve immediately or refrigerate for later.\n6. Enjoy!', 2, 3, 5, '2024-03-21 09:16:24'),
(1, 35, 1, 'Spring Tortellini Salad', 'A vibrant salad featuring cheese tortellini, cherry tomatoes, baby spinach, and a lemon vinaigrette.', 'sltvrsun.png', 15, 10, '1. Cook tortellini according to package instructions. Drain and let cool.\n2. In a large mixing bowl, combine cooked tortellini, halved cherry tomatoes, baby spinach leaves, and sliced red onions.\n3. In a small bowl, whisk together olive oil, lemon juice, minced garlic, salt, and black pepper to make the dressing.\n4. Pour the dressing over the salad and toss gently to coat.\n5. Serve immediately or refrigerate for later.\n6. Enjoy!', 2, 3, 5, '2024-03-21 09:16:24'),
(1, 36, 1, 'Turkey Cutlets with Zucchini', 'Juicy turkey cutlets served with sautéed zucchini, perfect for a quick and healthy dinner.', 'b32b2i8s.png', 15, 15, '1. Season turkey cutlets with salt, pepper, and Italian seasoning.\n2. Heat olive oil in a skillet over medium-high heat.\n3. Cook turkey cutlets for 3-4 minutes per side, or until cooked through.\n4. Remove turkey cutlets from skillet and set aside.\n5. In the same skillet, add sliced zucchini and cook until tender.\n6. Serve turkey cutlets with sautéed zucchini.\n7. Enjoy!', 1, 3, 5, '2024-03-21 09:16:24'),
(1, 37, 1, 'Pasta Salad', 'A refreshing pasta salad packed with veggies, perfect for picnics and gatherings.', '3697vtqo.png', 20, 10, '1. Cook pasta according to package instructions.\n2. In a large bowl, combine cooked pasta, cherry tomatoes, cucumber, bell pepper, olives, and feta cheese.\n3. In a small bowl, whisk together olive oil, lemon juice, garlic, salt, and pepper to make the dressing.\n4. Pour dressing over pasta salad and toss to coat.\n5. Refrigerate for at least 30 minutes before serving.\n6. Enjoy!', 3, 2, 2, '2024-03-21 09:16:24'),
(1, 38, 1, 'Carrot Tortilla with Tuna Spread', 'A flavorful tortilla wrap filled with tuna spread and shredded carrots.', '8ni9iwg3.png', 10, 10, '1. In a bowl, mix together canned tuna, mayonnaise, chopped celery, and diced onions to make the tuna spread.\n2. Place a tortilla on a flat surface and spread the tuna mixture evenly on top.\n3. Sprinkle shredded carrots over the tuna spread.\n4. Roll up the tortilla tightly.\n5. Slice the rolled tortilla into halves or quarters.\n6. Serve and enjoy!', 3, 3, 7, '2024-03-21 09:16:24'),
(1, 39, 1, 'Bang Bang Shrimp Salad', 'A delicious salad featuring crispy shrimp tossed in a spicy mayo-based dressing.', 'fytwb94c.png', 20, 10, '1. In a bowl, mix together mayonnaise, sweet chili sauce, and Sriracha to make the dressing.\n2. Heat oil in a skillet over medium heat. Season shrimp with salt and pepper, then cook until golden brown and crispy, about 2-3 minutes per side.\n3. In a large bowl, toss mixed greens, sliced cucumbers, shredded carrots, and chopped green onions.\n4. Add cooked shrimp to the salad and drizzle with the prepared dressing.\n5. Toss everything together until evenly coated.\n6. Serve immediately and enjoy!', 2, 1, 1, '2024-03-21 09:16:24'),
(1, 40, 1, 'Penne with Turkey', 'Delicious penne pasta served with seasoned turkey in a savory sauce.', 'o61vl6ja.png', 15, 20, '1. Cook penne pasta according to package instructions until al dente. Drain and set aside.\n2. In a skillet, heat olive oil over medium heat. Add minced garlic and cook until fragrant.\n3. Add ground turkey to the skillet and cook until browned.\n4. Season turkey with salt, pepper, and Italian seasoning.\n5. Pour marinara sauce over the turkey and let simmer for 5 minutes.\n6. Add cooked penne to the skillet and toss until pasta is evenly coated with the sauce.\n7. Serve hot and enjoy!', 3, 3, 7, '2024-03-21 09:16:24'),
(1, 41, 1, 'Beef and Beans Stir Fry', 'A flavorful stir-fry dish made with tender beef and crisp beans, perfect for a quick and satisfying dinner.', '24ks0fis.png', 15, 20, '1. In a bowl, marinate beef slices with soy sauce, sesame oil, and cornstarch for 15 minutes.\n2. Heat oil in a wok or skillet over high heat.\n3. Add marinated beef and stir-fry until browned. Remove beef from the wok and set aside.\n4. In the same wok, add sliced onions and cook until softened.\n5. Add green beans and stir-fry until tender-crisp.\n6. Return beef to the wok and stir to combine with the vegetables.\n7. Season with salt, pepper, and any additional soy sauce if needed.\n8. Serve hot and enjoy!', 2, 2, 1, '2024-03-21 09:16:24'),
(1, 42, 1, 'Air Fryer Fajitas', 'Quick and easy fajitas made in the air fryer, packed with flavor and perfect for a weeknight dinner.', 'ngsd8sgb.png', 15, 20, '1. Preheat the air fryer to 400°F (200°C).\n2. Slice bell peppers and onions into strips.\n3. In a bowl, toss sliced bell peppers and onions with olive oil, chili powder, cumin, garlic powder, salt, and black pepper.\n4. Place the seasoned vegetables in the air fryer basket.\n5. Cook in the air fryer for 10-12 minutes, shaking the basket halfway through, until vegetables are tender and slightly charred.\n6. While vegetables are cooking, slice chicken breasts into strips.\n7. In another bowl, toss chicken strips with olive oil, chili powder, cumin, garlic powder, salt, and black pepper.\n8. Once the vegetables are done, remove them from the air fryer and set aside.\n9. Place the seasoned chicken strips in the air fryer basket.\n10. Cook in the air fryer for 8-10 minutes, shaking the basket halfway through, until chicken is cooked through.\n11. Serve the cooked chicken and vegetables in warm tortillas.\n12. Garnish with toppings such as salsa, sour cream, guacamole, and cilantro.\n13. Enjoy your air fryer fajitas!', 3, 3, 7, '2024-03-21 09:16:24');

-- --------------------------------------------------------

--
-- Table structure for table `recipe_course_categories`
--

CREATE TABLE `recipe_course_categories` (
  `id` int NOT NULL,
  `type_name` varchar(255) NOT NULL
) ENGINE=InnoDB DEFAULT CHARSET=utf8mb4 COLLATE=utf8mb4_0900_ai_ci;

--
-- Dumping data for table `recipe_course_categories`
--

INSERT INTO `recipe_course_categories` (`id`, `type_name`) VALUES
(1, 'Breakfast'),
(2, 'Lunch'),
(3, 'Dinner');

-- --------------------------------------------------------

--
-- Table structure for table `recipe_ingredient`
--

CREATE TABLE `recipe_ingredient` (
  `ingredient_id` int NOT NULL,
  `recipe_id` int NOT NULL,
  `quantity` int DEFAULT NULL
) ENGINE=InnoDB DEFAULT CHARSET=utf8mb4 COLLATE=utf8mb4_general_ci;

--
-- Dumping data for table `recipe_ingredient`
--

INSERT INTO `recipe_ingredient` (`ingredient_id`, `recipe_id`, `quantity`) VALUES
(1, 1, 300),
(2, 1, 200),
(3, 1, 2),
(4, 1, 1),
(5, 2, 150),
(6, 2, 1),
(7, 2, 2),
(8, 2, 1),
(16, 4, 2),
(17, 4, 2),
(18, 4, 2),
(19, 4, 2),
(20, 4, 2),
(26, 5, 4),
(27, 5, 1),
(28, 5, 1),
(29, 5, 1),
(30, 5, 2),
(31, 6, 2),
(32, 6, 1),
(33, 6, 1),
(34, 6, 1),
(35, 6, 1),
(36, 6, 1),
(37, 6, 3),
(38, 6, 2),
(39, 6, 1),
(40, 6, 1),
(41, 6, 1),
(42, 6, 1),
(43, 7, 1),
(44, 7, 2),
(45, 7, 1),
(46, 7, 1),
(47, 7, 1),
(48, 7, 1),
(49, 7, 1),
(50, 7, 1),
(51, 7, 1),
(52, 7, 1),
(60, 9, 6),
(61, 9, 1),
(62, 9, 1),
(63, 9, 1),
(64, 9, 2),
(65, 9, 1),
(66, 9, 1),
(72, 11, 2),
(73, 11, 1),
(74, 11, 1),
(75, 11, 2),
(76, 11, 1),
(77, 11, 1),
(78, 11, 2),
(79, 12, 8),
(80, 12, 1),
(81, 12, 1),
(82, 12, 2),
(83, 12, 1),
(84, 13, 12),
(85, 13, 4),
(86, 13, 12),
(87, 14, 1),
(88, 14, 1),
(89, 14, 1),
(90, 14, 2),
(91, 14, 2),
(92, 14, 1),
(93, 14, 1),
(94, 14, 1),
(95, 14, 1),
(96, 14, 1),
(97, 15, 1),
(98, 15, 1),
(99, 15, 1),
(100, 15, 1),
(101, 15, 2),
(102, 15, 1),
(103, 15, 1),
(104, 15, 1),
(105, 16, 1),
(106, 16, 1),
(107, 16, 1),
(108, 16, 1),
(109, 16, 2),
(110, 16, 3),
(111, 16, 1),
(112, 16, 1),
(113, 16, 1),
(114, 16, 1),
(118, 18, 1),
(119, 18, 1),
(120, 18, 1),
(121, 18, 2),
(122, 18, 3),
(123, 18, 1),
(124, 18, 1),
(125, 18, 1),
(126, 18, 1),
(131, 20, 1),
(132, 20, 1),
(133, 20, 1),
(134, 20, 1),
(135, 20, 1),
(136, 20, 1),
(137, 20, 1),
(138, 20, 2),
(139, 20, 1),
(140, 20, 1),
(141, 20, 1),
(146, 21, 2),
(147, 21, 1),
(148, 21, 1),
(149, 21, 1),
(150, 21, 1),
(151, 21, 1),
(152, 21, 1),
(153, 21, 2),
(154, 21, 1),
(155, 21, 1),
(156, 21, 1),
(157, 21, 1),
(158, 23, 1),
(159, 23, 1),
(160, 23, 1),
(161, 23, 2),
(162, 23, 2),
(163, 23, 2),
(164, 23, 1),
(165, 23, 1),
(166, 23, 1),
(167, 23, 1),
(168, 24, 1),
(169, 24, 1),
(170, 24, 8),
(171, 24, 1),
(172, 24, 2),
(173, 24, 1),
(174, 27, 1),
(174, 28, 1),
(175, 27, 1),
(175, 28, 1),
(176, 27, 2),
(176, 28, 1),
(177, 28, 1),
(178, 28, 1),
(179, 28, 2),
(180, 28, 2),
(181, 28, 1),
(182, 28, 1),
(183, 28, 1),
(184, 29, 4),
(185, 29, 1),
(186, 29, 1),
(187, 29, 1),
(188, 29, 2),
(197, 30, 2),
(198, 30, 1),
(199, 30, 1),
(200, 30, 2),
(201, 30, 1),
(202, 30, 1),
(203, 30, 1),
(204, 30, 1),
(205, 30, 4),
(206, 30, 1),
(207, 31, 2),
(208, 31, 1),
(209, 31, 1),
(210, 31, 1),
(211, 31, 1),
(212, 31, 1),
(213, 31, 1),
(214, 32, 2),
(215, 32, 1),
(216, 32, 1),
(217, 32, 1),
(218, 32, 2),
(219, 32, 1),
(220, 32, 1),
(221, 32, 1),
(222, 32, 1),
(223, 32, 8),
(224, 32, 1),
(225, 32, 2),
(226, 33, 2),
(227, 33, 1),
(228, 33, 1),
(229, 33, 2),
(230, 33, 1),
(231, 33, 1),
(232, 33, 1),
(233, 33, 1),
(234, 33, 1),
(235, 33, 1),
(236, 33, 1),
(237, 33, 1),
(238, 33, 1),
(239, 33, 1),
(240, 33, 1),
(241, 33, 1),
(242, 33, 1),
(243, 33, 1),
(244, 34, 1),
(245, 34, 1),
(246, 34, 1),
(247, 34, 1),
(248, 34, 1),
(249, 34, 1),
(250, 34, 1),
(251, 34, 1),
(252, 34, 2),
(253, 34, 1),
(254, 34, 1),
(255, 34, 1),
(256, 34, 1),
(257, 35, 1),
(258, 35, 1),
(259, 35, 2),
(260, 35, 1),
(261, 35, 1),
(262, 35, 1),
(263, 35, 1),
(264, 35, 1),
(265, 35, 1),
(266, 36, 4),
(267, 36, 2),
(268, 36, 2),
(269, 36, 1),
(270, 36, 1),
(271, 36, 1),
(272, 37, 2),
(273, 37, 1),
(274, 37, 1),
(275, 37, 1),
(276, 37, 1),
(277, 37, 1),
(278, 37, 2),
(279, 37, 1),
(281, 37, 1),
(282, 37, 1),
(283, 37, 1),
(284, 38, 1),
(285, 38, 1),
(286, 38, 1),
(287, 38, 1),
(288, 38, 1),
(289, 38, 1),
(290, 39, 1),
(291, 39, 1),
(292, 39, 1),
(293, 39, 1),
(294, 39, 1),
(295, 39, 2),
(296, 39, 1),
(297, 39, 1),
(298, 39, 1),
(299, 40, 1),
(300, 40, 2),
(301, 40, 2),
(302, 40, 1),
(303, 40, 1),
(304, 40, 1),
(305, 40, 1),
(306, 40, 1),
(307, 41, 1),
(308, 41, 1),
(309, 41, 1),
(310, 41, 2),
(311, 41, 1),
(312, 41, 1),
(313, 41, 1),
(314, 41, 1),
(315, 42, 1),
(316, 42, 2),
(317, 42, 1),
(318, 42, 2),
(319, 42, 1),
(320, 42, 1),
(321, 42, 1),
(322, 42, 1),
(323, 42, 1),
(324, 42, 8);

-- --------------------------------------------------------

--
-- Table structure for table `recipe_meal_categories`
--

CREATE TABLE `recipe_meal_categories` (
  `id` int NOT NULL,
  `type_name` varchar(255) NOT NULL
) ENGINE=InnoDB DEFAULT CHARSET=utf8mb4 COLLATE=utf8mb4_0900_ai_ci;

--
-- Dumping data for table `recipe_meal_categories`
--

INSERT INTO `recipe_meal_categories` (`id`, `type_name`) VALUES
(1, 'Appetizer'),
(2, 'Main Dish'),
(3, 'Side Dish'),
(4, 'Dessert');

-- --------------------------------------------------------

--
-- Table structure for table `recipe_method_categories`
--

CREATE TABLE `recipe_method_categories` (
  `id` int NOT NULL,
  `method_name` varchar(255) NOT NULL
) ENGINE=InnoDB DEFAULT CHARSET=utf8mb4 COLLATE=utf8mb4_0900_ai_ci;

--
-- Dumping data for table `recipe_method_categories`
--

INSERT INTO `recipe_method_categories` (`id`, `method_name`) VALUES
(1, 'Baked'),
(2, 'Salad'),
(3, 'Sauce'),
(4, 'Snack'),
(5, 'Beverage'),
(6, 'Soup'),
(7, 'Other');

-- --------------------------------------------------------

--
-- Table structure for table `recipe_ratings`
--

CREATE TABLE `recipe_ratings` (
  `rating_id` int NOT NULL,
  `recipe_id` int NOT NULL,
  `user_id` int NOT NULL,
  `rating` int NOT NULL,
  `comment` text,
  `created_at` timestamp NULL DEFAULT CURRENT_TIMESTAMP
) ENGINE=InnoDB DEFAULT CHARSET=utf8mb4 COLLATE=utf8mb4_0900_ai_ci;

--
-- Dumping data for table `recipe_ratings`
--

INSERT INTO `recipe_ratings` (`rating_id`, `recipe_id`, `user_id`, `rating`, `comment`, `created_at`) VALUES
(13, 12, 3, 5, NULL, '2024-03-21 10:23:18'),
(14, 9, 4, 4, NULL, '2024-03-21 10:23:18'),
(15, 15, 1, 4, NULL, '2024-03-21 10:23:18'),
(16, 14, 3, 2, NULL, '2024-03-21 10:23:18'),
(18, 11, 3, 3, NULL, '2024-03-21 10:23:26'),
(19, 6, 3, 1, NULL, '2024-03-21 10:23:26'),
(20, 25, 2, 2, NULL, '2024-03-21 10:23:26'),
(21, 32, 3, 1, NULL, '2024-03-21 10:23:26'),
(22, 13, 3, 2, NULL, '2024-03-21 10:23:26'),
(23, 14, 2, 4, NULL, '2024-03-21 10:23:26'),
(24, 21, 1, 4, NULL, '2024-03-21 10:23:26'),
(25, 28, 1, 1, NULL, '2024-03-21 10:23:26'),
(26, 5, 2, 4, NULL, '2024-03-21 10:23:26'),
(27, 2, 4, 5, NULL, '2024-03-21 10:23:26'),
(28, 13, 2, 4, NULL, '2024-03-21 10:23:26'),
(30, 8, 2, 5, NULL, '2024-03-21 10:23:28'),
(31, 18, 1, 3, NULL, '2024-03-21 10:23:28'),
(32, 22, 3, 3, NULL, '2024-03-21 10:23:28'),
(33, 29, 4, 4, NULL, '2024-03-21 10:23:28'),
(34, 28, 4, 5, NULL, '2024-03-21 10:23:28'),
(35, 3, 4, 3, NULL, '2024-03-21 10:23:28'),
(36, 28, 3, 4, NULL, '2024-03-21 10:23:28'),
(37, 25, 1, 2, NULL, '2024-03-21 10:23:28'),
(39, 7, 3, 1, NULL, '2024-03-21 10:23:29'),
(40, 27, 4, 4, NULL, '2024-03-21 10:23:29'),
(43, 10, 3, 5, NULL, '2024-03-21 10:23:30'),
(44, 1, 3, 3, NULL, '2024-03-21 10:23:30'),
(46, 19, 1, 3, NULL, '2024-03-21 10:23:31'),
(49, 32, 1, 3, NULL, '2024-03-21 10:23:32'),
(50, 19, 3, 1, NULL, '2024-03-21 10:23:32'),
(51, 2, 2, 5, NULL, '2024-03-21 10:23:32'),
(53, 21, 3, 5, NULL, '2024-03-21 10:23:32'),
(54, 18, 4, 1, NULL, '2024-03-21 10:23:32'),
(55, 24, 1, 3, NULL, '2024-03-21 10:23:32'),
(56, 4, 3, 5, NULL, '2024-03-21 10:23:32'),
(57, 22, 2, 3, NULL, '2024-03-21 10:23:32'),
(58, 32, 2, 1, NULL, '2024-03-21 10:23:32'),
(59, 31, 2, 3, NULL, '2024-03-21 10:23:32'),
(61, 30, 1, 1, NULL, '2024-03-21 10:23:34'),
(62, 10, 2, 4, NULL, '2024-03-21 10:23:34'),
(65, 23, 4, 5, NULL, '2024-03-21 10:23:36'),
(66, 31, 3, 1, NULL, '2024-03-21 10:23:36'),
(67, 31, 4, 1, NULL, '2024-03-21 10:23:36'),
(68, 7, 4, 1, NULL, '2024-03-21 10:23:36'),
(71, 31, 1, 2, NULL, '2024-03-21 10:23:36'),
(74, 24, 4, 1, NULL, '2024-03-21 10:23:56'),
(75, 27, 2, 4, NULL, '2024-03-21 10:23:56'),
(77, 2, 3, 1, NULL, '2024-03-21 10:23:57'),
(81, 25, 4, 1, NULL, '2024-03-21 10:23:58'),
(82, 12, 1, 2, NULL, '2024-03-21 10:23:58'),
(83, 17, 4, 4, NULL, '2024-03-21 10:23:58'),
(84, 22, 1, 5, NULL, '2024-03-21 10:23:58'),
(85, 13, 1, 2, NULL, '2024-03-21 10:23:58'),
(87, 4, 4, 4, NULL, '2024-03-21 10:23:58'),
(89, 30, 4, 5, NULL, '2024-03-21 10:23:59'),
(90, 8, 4, 5, NULL, '2024-03-21 10:23:59'),
(91, 17, 2, 2, NULL, '2024-03-21 10:23:59'),
(92, 20, 1, 4, NULL, '2024-03-21 10:23:59'),
(96, 12, 2, 4, NULL, '2024-03-21 10:24:00'),
(98, 19, 4, 5, NULL, '2024-03-21 10:24:01'),
(99, 4, 1, 5, NULL, '2024-03-21 10:24:01'),
(100, 8, 1, 3, NULL, '2024-03-21 10:24:01'),
(101, 23, 1, 2, NULL, '2024-03-21 10:24:01'),
(102, 6, 1, 2, NULL, '2024-03-21 10:24:01'),
(103, 6, 4, 3, NULL, '2024-03-21 10:24:01'),
(105, 17, 1, 5, NULL, '2024-03-21 10:24:01'),
(106, 20, 2, 1, NULL, '2024-03-21 10:24:01'),
(107, 22, 4, 5, NULL, '2024-03-21 10:24:01'),
(108, 32, 4, 3, NULL, '2024-03-21 10:24:01'),
(116, 29, 2, 3, NULL, '2024-03-21 10:24:04'),
(120, 6, 2, 5, NULL, '2024-03-21 10:24:08'),
(125, 7, 2, 1, NULL, '2024-03-21 10:24:10'),
(127, 28, 2, 1, NULL, '2024-03-21 10:24:11'),
(128, 12, 4, 5, NULL, '2024-03-21 10:24:11'),
(129, 15, 4, 4, NULL, '2024-03-21 10:24:11'),
(130, 21, 4, 3, NULL, '2024-03-21 10:24:11');

-- --------------------------------------------------------

--
-- Table structure for table `users`
--

CREATE TABLE `users` (
  `id` int NOT NULL,
  `username` varchar(50) CHARACTER SET utf8mb4 COLLATE utf8mb4_general_ci NOT NULL,
  `password` varchar(255) CHARACTER SET utf8mb4 COLLATE utf8mb4_general_ci NOT NULL,
  `first_Name` varchar(50) CHARACTER SET utf8mb4 COLLATE utf8mb4_general_ci DEFAULT NULL,
  `last_Name` varchar(50) CHARACTER SET utf8mb4 COLLATE utf8mb4_general_ci DEFAULT NULL,
  `date_of_birth` date DEFAULT NULL,
  `email` varchar(100) CHARACTER SET utf8mb4 COLLATE utf8mb4_general_ci NOT NULL,
  `gender` enum('Male','Female') CHARACTER SET utf8mb4 COLLATE utf8mb4_general_ci DEFAULT 'Male',
  `level` enum('1','2','3','4') CHARACTER SET utf8mb4 COLLATE utf8mb4_general_ci NOT NULL,
  `BMI_index` int DEFAULT NULL
) ENGINE=InnoDB DEFAULT CHARSET=utf8mb4 COLLATE=utf8mb4_general_ci;

--
-- Dumping data for table `users`
--

INSERT INTO `users` (`id`, `username`, `password`, `first_Name`, `last_Name`, `date_of_birth`, `email`, `gender`, `level`, `BMI_index`) VALUES
(1, 'tao', '$2y$10$ftWSOFRz5zxbkFTd.01PHuKV6vGTmM7ocJOnsRMAWsZEGrpw6NEC6', NULL, NULL, NULL, 'tao@gmail.com', 'Male', '1', 100),
(2, 'taotao', '$2y$10$nWRRgU7ACr/ytBumq3Zb7OKhiAF6Zp6PmY8fXc9z/dOvNF2K03GoW', NULL, NULL, NULL, 'taotao@gmail.com', 'Male', '3', 100),
(3, 'admin', '$2y$10$/FTkpPSQPmjB8fAI6zHEI.9hSbZW3Z/LZwq6pTmdVemneiemCUkye', NULL, NULL, NULL, 'admin@gmail.com', NULL, '1', NULL),
(4, 'taotaotao', '$2y$10$u7WYyWQltzYc7VYs3LowTO3BewwXkEUmuestdjaaajuevEsRIgVzG', NULL, NULL, NULL, 'taotaotao@gmail.com', 'Male', '3', 100),
(5, 'adminn', '$2y$10$fpyyfrY3M2VGaLpLO38aT.79QUfmsyvHlujyTZH/5HpwOTq7rdyqK', '', '', '2000-01-01', 'adminn@gmail.com', 'Male', '2', NULL);

--
-- Indexes for dumped tables
--

--
-- Indexes for table `ingredients`
--
ALTER TABLE `ingredients`
  ADD PRIMARY KEY (`id`),
  ADD KEY `FK_ingre_cat` (`category`),
  ADD KEY `FK_ingre_unit` (`measurement_unit`);

--
-- Indexes for table `ingredient_categories`
--
ALTER TABLE `ingredient_categories`
  ADD PRIMARY KEY (`id`);

--
-- Indexes for table `ingredient_measurement_unit`
--
ALTER TABLE `ingredient_measurement_unit`
  ADD PRIMARY KEY (`id`);

--
-- Indexes for table `ingredient_nutritions`
--
ALTER TABLE `ingredient_nutritions`
  ADD KEY `ingredient_id` (`ingredient_id`),
  ADD KEY `nutrition_id` (`nutrition_id`);

--
-- Indexes for table `nutrition_types`
--
ALTER TABLE `nutrition_types`
  ADD PRIMARY KEY (`id`);

--
-- Indexes for table `recipes`
--
ALTER TABLE `recipes`
  ADD PRIMARY KEY (`recipe_id`,`user_id`) USING BTREE,
  ADD KEY `recipes_ibfk_2` (`meal`),
  ADD KEY `recipes_ibfk_3` (`method`),
  ADD KEY `recipes_ibfk_4` (`user_id`),
  ADD KEY `recipes_ibfk_1` (`course`);

--
-- Indexes for table `recipe_course_categories`
--
ALTER TABLE `recipe_course_categories`
  ADD PRIMARY KEY (`id`);

--
-- Indexes for table `recipe_ingredient`
--
ALTER TABLE `recipe_ingredient`
  ADD KEY `ingredient_id` (`ingredient_id`),
  ADD KEY `recipe_id` (`recipe_id`);

--
-- Indexes for table `recipe_meal_categories`
--
ALTER TABLE `recipe_meal_categories`
  ADD PRIMARY KEY (`id`);

--
-- Indexes for table `recipe_method_categories`
--
ALTER TABLE `recipe_method_categories`
  ADD PRIMARY KEY (`id`);

--
-- Indexes for table `recipe_ratings`
--
ALTER TABLE `recipe_ratings`
  ADD PRIMARY KEY (`rating_id`),
  ADD UNIQUE KEY `recipe_id` (`recipe_id`,`user_id`),
  ADD KEY `user_id` (`user_id`);

--
-- Indexes for table `users`
--
ALTER TABLE `users`
  ADD PRIMARY KEY (`id`),
  ADD UNIQUE KEY `username` (`username`);

--
-- AUTO_INCREMENT for dumped tables
--

--
-- AUTO_INCREMENT for table `ingredients`
--
ALTER TABLE `ingredients`
  MODIFY `id` int NOT NULL AUTO_INCREMENT, AUTO_INCREMENT=377;

--
-- AUTO_INCREMENT for table `recipes`
--
ALTER TABLE `recipes`
  MODIFY `recipe_id` int NOT NULL AUTO_INCREMENT, AUTO_INCREMENT=43;

--
-- AUTO_INCREMENT for table `recipe_course_categories`
--
ALTER TABLE `recipe_course_categories`
  MODIFY `id` int NOT NULL AUTO_INCREMENT, AUTO_INCREMENT=4;

--
-- AUTO_INCREMENT for table `recipe_meal_categories`
--
ALTER TABLE `recipe_meal_categories`
  MODIFY `id` int NOT NULL AUTO_INCREMENT, AUTO_INCREMENT=5;

--
-- AUTO_INCREMENT for table `recipe_method_categories`
--
ALTER TABLE `recipe_method_categories`
  MODIFY `id` int NOT NULL AUTO_INCREMENT, AUTO_INCREMENT=8;

--
-- AUTO_INCREMENT for table `recipe_ratings`
--
ALTER TABLE `recipe_ratings`
  MODIFY `rating_id` int NOT NULL AUTO_INCREMENT, AUTO_INCREMENT=132;

--
-- AUTO_INCREMENT for table `users`
--
ALTER TABLE `users`
  MODIFY `id` int NOT NULL AUTO_INCREMENT, AUTO_INCREMENT=6;

--
-- Constraints for dumped tables
--

--
-- Constraints for table `ingredients`
--
ALTER TABLE `ingredients`
  ADD CONSTRAINT `FK_ingre_cat` FOREIGN KEY (`category`) REFERENCES `ingredient_categories` (`id`) ON DELETE CASCADE ON UPDATE CASCADE,
  ADD CONSTRAINT `FK_ingre_unit` FOREIGN KEY (`measurement_unit`) REFERENCES `ingredient_measurement_unit` (`id`) ON DELETE CASCADE ON UPDATE CASCADE;

--
-- Constraints for table `ingredient_nutritions`
--
ALTER TABLE `ingredient_nutritions`
  ADD CONSTRAINT `FK_ingre_nutri` FOREIGN KEY (`ingredient_id`) REFERENCES `ingredients` (`id`) ON DELETE CASCADE ON UPDATE CASCADE,
  ADD CONSTRAINT `FK_nutri_type` FOREIGN KEY (`nutrition_id`) REFERENCES `nutrition_types` (`id`) ON DELETE CASCADE ON UPDATE CASCADE;

--
-- Constraints for table `recipes`
--
ALTER TABLE `recipes`
  ADD CONSTRAINT `recipes_ibfk_1` FOREIGN KEY (`course`) REFERENCES `recipe_course_categories` (`id`) ON DELETE RESTRICT ON UPDATE CASCADE,
  ADD CONSTRAINT `recipes_ibfk_2` FOREIGN KEY (`meal`) REFERENCES `recipe_meal_categories` (`id`) ON DELETE RESTRICT ON UPDATE CASCADE,
  ADD CONSTRAINT `recipes_ibfk_3` FOREIGN KEY (`method`) REFERENCES `recipe_method_categories` (`id`) ON DELETE RESTRICT ON UPDATE CASCADE,
  ADD CONSTRAINT `recipes_ibfk_4` FOREIGN KEY (`user_id`) REFERENCES `users` (`id`) ON DELETE RESTRICT ON UPDATE CASCADE;

--
-- Constraints for table `recipe_ingredient`
--
ALTER TABLE `recipe_ingredient`
  ADD CONSTRAINT `recipe_ingredient_ibfk_1` FOREIGN KEY (`ingredient_id`) REFERENCES `ingredients` (`id`),
  ADD CONSTRAINT `recipe_ingredient_ibfk_2` FOREIGN KEY (`recipe_id`) REFERENCES `recipes` (`recipe_id`);

--
-- Constraints for table `recipe_ratings`
--
ALTER TABLE `recipe_ratings`
  ADD CONSTRAINT `recipe_ratings_ibfk_1` FOREIGN KEY (`recipe_id`) REFERENCES `recipes` (`recipe_id`),
  ADD CONSTRAINT `recipe_ratings_ibfk_2` FOREIGN KEY (`user_id`) REFERENCES `users` (`id`);
COMMIT;

/*!40101 SET CHARACTER_SET_CLIENT=@OLD_CHARACTER_SET_CLIENT */;
/*!40101 SET CHARACTER_SET_RESULTS=@OLD_CHARACTER_SET_RESULTS */;
/*!40101 SET COLLATION_CONNECTION=@OLD_COLLATION_CONNECTION */;
